option_id,option_name,option_value,autoload
MQ==,c2l0ZXVybA==,aHR0cDovL2xvY2FsaG9zdA==,eWVz
Mg==,aG9tZQ==,aHR0cDovL2xvY2FsaG9zdA==,eWVz
Mw==,YmxvZ25hbWU=,TW9obGFsYSBBbHVtaW5pdW0gYW5kIEdsYXNz,eWVz
NA==,YmxvZ2Rlc2NyaXB0aW9u,SnVzdCBhbm90aGVyIFdvcmRQcmVzcyBzaXRl,eWVz
NQ==,dXNlcnNfY2FuX3JlZ2lzdGVy,MA==,eWVz
Ng==,YWRtaW5fZW1haWw=,ZHVtaWljdEBnbWFpbC5jb20=,eWVz
Nw==,c3RhcnRfb2Zfd2Vlaw==,MQ==,eWVz
OA==,dXNlX2JhbGFuY2VUYWdz,MA==,eWVz
OQ==,dXNlX3NtaWxpZXM=,MQ==,eWVz
MTA=,cmVxdWlyZV9uYW1lX2VtYWls,MQ==,eWVz
MTE=,Y29tbWVudHNfbm90aWZ5,MQ==,eWVz
MTI=,cG9zdHNfcGVyX3Jzcw==,MTA=,eWVz
MTM=,cnNzX3VzZV9leGNlcnB0,MA==,eWVz
MTQ=,bWFpbHNlcnZlcl91cmw=,bWFpbC5leGFtcGxlLmNvbQ==,eWVz
MTU=,bWFpbHNlcnZlcl9sb2dpbg==,bG9naW5AZXhhbXBsZS5jb20=,eWVz
MTY=,bWFpbHNlcnZlcl9wYXNz,cGFzc3dvcmQ=,eWVz
MTc=,bWFpbHNlcnZlcl9wb3J0,MTEw,eWVz
MTg=,ZGVmYXVsdF9jYXRlZ29yeQ==,MQ==,eWVz
MTk=,ZGVmYXVsdF9jb21tZW50X3N0YXR1cw==,b3Blbg==,eWVz
MjA=,ZGVmYXVsdF9waW5nX3N0YXR1cw==,b3Blbg==,eWVz
MjE=,ZGVmYXVsdF9waW5nYmFja19mbGFn,MQ==,eWVz
MjI=,cG9zdHNfcGVyX3BhZ2U=,MTA=,eWVz
MjM=,ZGF0ZV9mb3JtYXQ=,RiBqLCBZ,eWVz
MjQ=,dGltZV9mb3JtYXQ=,ZzppIGE=,eWVz
MjU=,bGlua3NfdXBkYXRlZF9kYXRlX2Zvcm1hdA==,RiBqLCBZIGc6aSBh,eWVz
MjY=,Y29tbWVudF9tb2RlcmF0aW9u,MA==,eWVz
Mjc=,bW9kZXJhdGlvbl9ub3RpZnk=,MQ==,eWVz
Mjg=,cGVybWFsaW5rX3N0cnVjdHVyZQ==,,eWVz
Mjk=,cmV3cml0ZV9ydWxlcw==,,eWVz
MzA=,aGFja19maWxl,MA==,eWVz
MzE=,YmxvZ19jaGFyc2V0,VVRGLTg=,eWVz
MzI=,bW9kZXJhdGlvbl9rZXlz,,bm8=
MzM=,YWN0aXZlX3BsdWdpbnM=,YToxNjp7aTowO3M6MTk6ImFraXNtZXQvYWtpc21ldC5waHAiO2k6MTtzOjI5OiJiYWNrdXBTcGhlcmUvYmFja3VwU3BoZXJlLnBocCI7aToyO3M6NTk6ImJsYWNrLXN0dWRpby10aW55bWNlLXdpZGdldC9ibGFjay1zdHVkaW8tdGlueW1jZS13aWRnZXQucGhwIjtpOjM7czozNjoiY29udGFjdC1mb3JtLTcvd3AtY29udGFjdC1mb3JtLTcucGhwIjtpOjQ7czozNToiY29udGFjdC13aWRnZXRzL2NvbnRhY3Qtd2lkZ2V0cy5waHAiO2k6NTtzOjM5OiJlYXN5LWdvb2dsZS1mb250cy9lYXN5LWdvb2dsZS1mb250cy5waHAiO2k6NjtzOjM1OiJmaWxlc3lzdGVtLWRlbW8vZmlsZXN5c3RlbS1kZW1vLnBocCI7aTo3O3M6OToiaGVsbG8ucGhwIjtpOjg7czozNToiaWxsZHktY29tcGFuaW9uL2lsbGR5LWNvbXBhbmlvbi5waHAiO2k6OTtzOjM5OiJzaXRlb3JpZ2luLXBhbmVscy9zaXRlb3JpZ2luLXBhbmVscy5waHAiO2k6MTA7czozOToic28td2lkZ2V0cy1idW5kbGUvc28td2lkZ2V0cy1idW5kbGUucGhwIjtpOjExO3M6MTY6InNwYWNlci9pbmRleC5waHAiO2k6MTI7czozMToidGl0bGUtcmVtb3Zlci90aXRsZS1yZW1vdmVyLnBocCI7aToxMztzOjM3OiJ3b3JkcHJlc3MtZGF0YWJhc2UtcmVzZXQvd3AtcmVzZXQucGhwIjtpOjE0O3M6Mjc6IndwLWNyb24tam9iL3dwLWNyb24tam9iLnBocCI7aToxNTtzOjIzOiJ3cC1zbXVzaGl0L3dwLXNtdXNoLnBocCI7fQ==,eWVz
MzQ=,Y2F0ZWdvcnlfYmFzZQ==,,eWVz
MzU=,cGluZ19zaXRlcw==,aHR0cDovL3JwYy5waW5nb21hdGljLmNvbS8=,eWVz
MzY=,Y29tbWVudF9tYXhfbGlua3M=,Mg==,eWVz
Mzc=,Z210X29mZnNldA==,MA==,eWVz
Mzg=,ZGVmYXVsdF9lbWFpbF9jYXRlZ29yeQ==,MQ==,eWVz
Mzk=,cmVjZW50bHlfZWRpdGVk,YTozOntpOjA7czo2MDoiQzpceGFtcHBcaHRkb2NzXHdvcmRwcmVzcy93cC1jb250ZW50L3RoZW1lcy9pbGxkeS9mb290ZXIucGhwIjtpOjI7czo1OToiQzpceGFtcHBcaHRkb2NzXHdvcmRwcmVzcy93cC1jb250ZW50L3RoZW1lcy9pbGxkeS9zdHlsZS5jc3MiO2k6MztzOjA6IiI7fQ==,bm8=
NDA=,dGVtcGxhdGU=,aWxsZHk=,eWVz
NDE=,c3R5bGVzaGVldA==,aWxsZHk=,eWVz
NDI=,Y29tbWVudF93aGl0ZWxpc3Q=,MQ==,eWVz
NDM=,YmxhY2tsaXN0X2tleXM=,,bm8=
NDQ=,Y29tbWVudF9yZWdpc3RyYXRpb24=,MA==,eWVz
NDU=,aHRtbF90eXBl,dGV4dC9odG1s,eWVz
NDY=,dXNlX3RyYWNrYmFjaw==,MA==,eWVz
NDc=,ZGVmYXVsdF9yb2xl,c3Vic2NyaWJlcg==,eWVz
NDg=,ZGJfdmVyc2lvbg==,Mzg1OTA=,eWVz
NDk=,dXBsb2Fkc191c2VfeWVhcm1vbnRoX2ZvbGRlcnM=,MQ==,eWVz
NTA=,dXBsb2FkX3BhdGg=,,eWVz
NTE=,YmxvZ19wdWJsaWM=,MQ==,eWVz
NTI=,ZGVmYXVsdF9saW5rX2NhdGVnb3J5,Mg==,eWVz
NTM=,c2hvd19vbl9mcm9udA==,cGFnZQ==,eWVz
NTQ=,dGFnX2Jhc2U=,,eWVz
NTU=,c2hvd19hdmF0YXJz,MQ==,eWVz
NTY=,YXZhdGFyX3JhdGluZw==,Rw==,eWVz
NTc=,dXBsb2FkX3VybF9wYXRo,,eWVz
NTg=,dGh1bWJuYWlsX3NpemVfdw==,MTUw,eWVz
NTk=,dGh1bWJuYWlsX3NpemVfaA==,MTUw,eWVz
NjA=,dGh1bWJuYWlsX2Nyb3A=,MQ==,eWVz
NjE=,bWVkaXVtX3NpemVfdw==,MzAw,eWVz
NjI=,bWVkaXVtX3NpemVfaA==,MzAw,eWVz
NjM=,YXZhdGFyX2RlZmF1bHQ=,bXlzdGVyeQ==,eWVz
NjQ=,bGFyZ2Vfc2l6ZV93,MTAyNA==,eWVz
NjU=,bGFyZ2Vfc2l6ZV9o,MTAyNA==,eWVz
NjY=,aW1hZ2VfZGVmYXVsdF9saW5rX3R5cGU=,bm9uZQ==,eWVz
Njc=,aW1hZ2VfZGVmYXVsdF9zaXpl,,eWVz
Njg=,aW1hZ2VfZGVmYXVsdF9hbGlnbg==,,eWVz
Njk=,Y2xvc2VfY29tbWVudHNfZm9yX29sZF9wb3N0cw==,MA==,eWVz
NzA=,Y2xvc2VfY29tbWVudHNfZGF5c19vbGQ=,MTQ=,eWVz
NzE=,dGhyZWFkX2NvbW1lbnRz,MQ==,eWVz
NzI=,dGhyZWFkX2NvbW1lbnRzX2RlcHRo,NQ==,eWVz
NzM=,cGFnZV9jb21tZW50cw==,MA==,eWVz
NzQ=,Y29tbWVudHNfcGVyX3BhZ2U=,NTA=,eWVz
NzU=,ZGVmYXVsdF9jb21tZW50c19wYWdl,bmV3ZXN0,eWVz
NzY=,Y29tbWVudF9vcmRlcg==,YXNj,eWVz
Nzc=,c3RpY2t5X3Bvc3Rz,YTowOnt9,eWVz
Nzg=,d2lkZ2V0X2NhdGVnb3JpZXM=,YToyOntpOjI7YTo0OntzOjU6InRpdGxlIjtzOjA6IiI7czo1OiJjb3VudCI7aTowO3M6MTI6ImhpZXJhcmNoaWNhbCI7aTowO3M6ODoiZHJvcGRvd24iO2k6MDt9czoxMjoiX211bHRpd2lkZ2V0IjtpOjE7fQ==,eWVz
Nzk=,d2lkZ2V0X3RleHQ=,YToyOntpOjE7YTowOnt9czoxMjoiX211bHRpd2lkZ2V0IjtpOjE7fQ==,eWVz
ODA=,d2lkZ2V0X3Jzcw==,YToyOntpOjE7YTowOnt9czoxMjoiX211bHRpd2lkZ2V0IjtpOjE7fQ==,eWVz
ODE=,dW5pbnN0YWxsX3BsdWdpbnM=,YTowOnt9,bm8=
ODI=,dGltZXpvbmVfc3RyaW5n,,eWVz
ODM=,cGFnZV9mb3JfcG9zdHM=,MA==,eWVz
ODQ=,cGFnZV9vbl9mcm9udA==,Mg==,eWVz
ODU=,ZGVmYXVsdF9wb3N0X2Zvcm1hdA==,MA==,eWVz
ODY=,bGlua19tYW5hZ2VyX2VuYWJsZWQ=,MA==,eWVz
ODc=,ZmluaXNoZWRfc3BsaXR0aW5nX3NoYXJlZF90ZXJtcw==,MQ==,eWVz
ODg=,c2l0ZV9pY29u,MA==,eWVz
ODk=,bWVkaXVtX2xhcmdlX3NpemVfdw==,NzY4,eWVz
OTA=,bWVkaXVtX2xhcmdlX3NpemVfaA==,MA==,eWVz
OTE=,aW5pdGlhbF9kYl92ZXJzaW9u,Mzg1OTA=,eWVz
OTI=,d3BfdXNlcl9yb2xlcw==,YTo1OntzOjEzOiJhZG1pbmlzdHJhdG9yIjthOjI6e3M6NDoibmFtZSI7czoxMzoiQWRtaW5pc3RyYXRvciI7czoxMjoiY2FwYWJpbGl0aWVzIjthOjYxOntzOjEzOiJzd2l0Y2hfdGhlbWVzIjtiOjE7czoxMToiZWRpdF90aGVtZXMiO2I6MTtzOjE2OiJhY3RpdmF0ZV9wbHVnaW5zIjtiOjE7czoxMjoiZWRpdF9wbHVnaW5zIjtiOjE7czoxMDoiZWRpdF91c2VycyI7YjoxO3M6MTA6ImVkaXRfZmlsZXMiO2I6MTtzOjE0OiJtYW5hZ2Vfb3B0aW9ucyI7YjoxO3M6MTc6Im1vZGVyYXRlX2NvbW1lbnRzIjtiOjE7czoxNzoibWFuYWdlX2NhdGVnb3JpZXMiO2I6MTtzOjEyOiJtYW5hZ2VfbGlua3MiO2I6MTtzOjEyOiJ1cGxvYWRfZmlsZXMiO2I6MTtzOjY6ImltcG9ydCI7YjoxO3M6MTU6InVuZmlsdGVyZWRfaHRtbCI7YjoxO3M6MTA6ImVkaXRfcG9zdHMiO2I6MTtzOjE3OiJlZGl0X290aGVyc19wb3N0cyI7YjoxO3M6MjA6ImVkaXRfcHVibGlzaGVkX3Bvc3RzIjtiOjE7czoxMzoicHVibGlzaF9wb3N0cyI7YjoxO3M6MTA6ImVkaXRfcGFnZXMiO2I6MTtzOjQ6InJlYWQiO2I6MTtzOjg6ImxldmVsXzEwIjtiOjE7czo3OiJsZXZlbF85IjtiOjE7czo3OiJsZXZlbF84IjtiOjE7czo3OiJsZXZlbF83IjtiOjE7czo3OiJsZXZlbF82IjtiOjE7czo3OiJsZXZlbF81IjtiOjE7czo3OiJsZXZlbF80IjtiOjE7czo3OiJsZXZlbF8zIjtiOjE7czo3OiJsZXZlbF8yIjtiOjE7czo3OiJsZXZlbF8xIjtiOjE7czo3OiJsZXZlbF8wIjtiOjE7czoxNzoiZWRpdF9vdGhlcnNfcGFnZXMiO2I6MTtzOjIwOiJlZGl0X3B1Ymxpc2hlZF9wYWdlcyI7YjoxO3M6MTM6InB1Ymxpc2hfcGFnZXMiO2I6MTtzOjEyOiJkZWxldGVfcGFnZXMiO2I6MTtzOjE5OiJkZWxldGVfb3RoZXJzX3BhZ2VzIjtiOjE7czoyMjoiZGVsZXRlX3B1Ymxpc2hlZF9wYWdlcyI7YjoxO3M6MTI6ImRlbGV0ZV9wb3N0cyI7YjoxO3M6MTk6ImRlbGV0ZV9vdGhlcnNfcG9zdHMiO2I6MTtzOjIyOiJkZWxldGVfcHVibGlzaGVkX3Bvc3RzIjtiOjE7czoyMDoiZGVsZXRlX3ByaXZhdGVfcG9zdHMiO2I6MTtzOjE4OiJlZGl0X3ByaXZhdGVfcG9zdHMiO2I6MTtzOjE4OiJyZWFkX3ByaXZhdGVfcG9zdHMiO2I6MTtzOjIwOiJkZWxldGVfcHJpdmF0ZV9wYWdlcyI7YjoxO3M6MTg6ImVkaXRfcHJpdmF0ZV9wYWdlcyI7YjoxO3M6MTg6InJlYWRfcHJpdmF0ZV9wYWdlcyI7YjoxO3M6MTI6ImRlbGV0ZV91c2VycyI7YjoxO3M6MTI6ImNyZWF0ZV91c2VycyI7YjoxO3M6MTc6InVuZmlsdGVyZWRfdXBsb2FkIjtiOjE7czoxNDoiZWRpdF9kYXNoYm9hcmQiO2I6MTtzOjE0OiJ1cGRhdGVfcGx1Z2lucyI7YjoxO3M6MTQ6ImRlbGV0ZV9wbHVnaW5zIjtiOjE7czoxNToiaW5zdGFsbF9wbHVnaW5zIjtiOjE7czoxMzoidXBkYXRlX3RoZW1lcyI7YjoxO3M6MTQ6Imluc3RhbGxfdGhlbWVzIjtiOjE7czoxMToidXBkYXRlX2NvcmUiO2I6MTtzOjEwOiJsaXN0X3VzZXJzIjtiOjE7czoxMjoicmVtb3ZlX3VzZXJzIjtiOjE7czoxMzoicHJvbW90ZV91c2VycyI7YjoxO3M6MTg6ImVkaXRfdGhlbWVfb3B0aW9ucyI7YjoxO3M6MTM6ImRlbGV0ZV90aGVtZXMiO2I6MTtzOjY6ImV4cG9ydCI7YjoxO319czo2OiJlZGl0b3IiO2E6Mjp7czo0OiJuYW1lIjtzOjY6IkVkaXRvciI7czoxMjoiY2FwYWJpbGl0aWVzIjthOjM0OntzOjE3OiJtb2RlcmF0ZV9jb21tZW50cyI7YjoxO3M6MTc6Im1hbmFnZV9jYXRlZ29yaWVzIjtiOjE7czoxMjoibWFuYWdlX2xpbmtzIjtiOjE7czoxMjoidXBsb2FkX2ZpbGVzIjtiOjE7czoxNToidW5maWx0ZXJlZF9odG1sIjtiOjE7czoxMDoiZWRpdF9wb3N0cyI7YjoxO3M6MTc6ImVkaXRfb3RoZXJzX3Bvc3RzIjtiOjE7czoyMDoiZWRpdF9wdWJsaXNoZWRfcG9zdHMiO2I6MTtzOjEzOiJwdWJsaXNoX3Bvc3RzIjtiOjE7czoxMDoiZWRpdF9wYWdlcyI7YjoxO3M6NDoicmVhZCI7YjoxO3M6NzoibGV2ZWxfNyI7YjoxO3M6NzoibGV2ZWxfNiI7YjoxO3M6NzoibGV2ZWxfNSI7YjoxO3M6NzoibGV2ZWxfNCI7YjoxO3M6NzoibGV2ZWxfMyI7YjoxO3M6NzoibGV2ZWxfMiI7YjoxO3M6NzoibGV2ZWxfMSI7YjoxO3M6NzoibGV2ZWxfMCI7YjoxO3M6MTc6ImVkaXRfb3RoZXJzX3BhZ2VzIjtiOjE7czoyMDoiZWRpdF9wdWJsaXNoZWRfcGFnZXMiO2I6MTtzOjEzOiJwdWJsaXNoX3BhZ2VzIjtiOjE7czoxMjoiZGVsZXRlX3BhZ2VzIjtiOjE7czoxOToiZGVsZXRlX290aGVyc19wYWdlcyI7YjoxO3M6MjI6ImRlbGV0ZV9wdWJsaXNoZWRfcGFnZXMiO2I6MTtzOjEyOiJkZWxldGVfcG9zdHMiO2I6MTtzOjE5OiJkZWxldGVfb3RoZXJzX3Bvc3RzIjtiOjE7czoyMjoiZGVsZXRlX3B1Ymxpc2hlZF9wb3N0cyI7YjoxO3M6MjA6ImRlbGV0ZV9wcml2YXRlX3Bvc3RzIjtiOjE7czoxODoiZWRpdF9wcml2YXRlX3Bvc3RzIjtiOjE7czoxODoicmVhZF9wcml2YXRlX3Bvc3RzIjtiOjE7czoyMDoiZGVsZXRlX3ByaXZhdGVfcGFnZXMiO2I6MTtzOjE4OiJlZGl0X3ByaXZhdGVfcGFnZXMiO2I6MTtzOjE4OiJyZWFkX3ByaXZhdGVfcGFnZXMiO2I6MTt9fXM6NjoiYXV0aG9yIjthOjI6e3M6NDoibmFtZSI7czo2OiJBdXRob3IiO3M6MTI6ImNhcGFiaWxpdGllcyI7YToxMDp7czoxMjoidXBsb2FkX2ZpbGVzIjtiOjE7czoxMDoiZWRpdF9wb3N0cyI7YjoxO3M6MjA6ImVkaXRfcHVibGlzaGVkX3Bvc3RzIjtiOjE7czoxMzoicHVibGlzaF9wb3N0cyI7YjoxO3M6NDoicmVhZCI7YjoxO3M6NzoibGV2ZWxfMiI7YjoxO3M6NzoibGV2ZWxfMSI7YjoxO3M6NzoibGV2ZWxfMCI7YjoxO3M6MTI6ImRlbGV0ZV9wb3N0cyI7YjoxO3M6MjI6ImRlbGV0ZV9wdWJsaXNoZWRfcG9zdHMiO2I6MTt9fXM6MTE6ImNvbnRyaWJ1dG9yIjthOjI6e3M6NDoibmFtZSI7czoxMToiQ29udHJpYnV0b3IiO3M6MTI6ImNhcGFiaWxpdGllcyI7YTo1OntzOjEwOiJlZGl0X3Bvc3RzIjtiOjE7czo0OiJyZWFkIjtiOjE7czo3OiJsZXZlbF8xIjtiOjE7czo3OiJsZXZlbF8wIjtiOjE7czoxMjoiZGVsZXRlX3Bvc3RzIjtiOjE7fX1zOjEwOiJzdWJzY3JpYmVyIjthOjI6e3M6NDoibmFtZSI7czoxMDoiU3Vic2NyaWJlciI7czoxMjoiY2FwYWJpbGl0aWVzIjthOjI6e3M6NDoicmVhZCI7YjoxO3M6NzoibGV2ZWxfMCI7YjoxO319fQ==,eWVz
OTM=,d2lkZ2V0X3NlYXJjaA==,YToyOntpOjI7YToxOntzOjU6InRpdGxlIjtzOjA6IiI7fXM6MTI6Il9tdWx0aXdpZGdldCI7aToxO30=,eWVz
OTQ=,d2lkZ2V0X3JlY2VudC1wb3N0cw==,YToyOntpOjI7YToyOntzOjU6InRpdGxlIjtzOjA6IiI7czo2OiJudW1iZXIiO2k6NTt9czoxMjoiX211bHRpd2lkZ2V0IjtpOjE7fQ==,eWVz
OTU=,d2lkZ2V0X3JlY2VudC1jb21tZW50cw==,YToyOntpOjI7YToyOntzOjU6InRpdGxlIjtzOjA6IiI7czo2OiJudW1iZXIiO2k6NTt9czoxMjoiX211bHRpd2lkZ2V0IjtpOjE7fQ==,eWVz
OTY=,d2lkZ2V0X2FyY2hpdmVz,YToyOntpOjI7YTozOntzOjU6InRpdGxlIjtzOjA6IiI7czo1OiJjb3VudCI7aTowO3M6ODoiZHJvcGRvd24iO2k6MDt9czoxMjoiX211bHRpd2lkZ2V0IjtpOjE7fQ==,eWVz
OTc=,d2lkZ2V0X21ldGE=,YToyOntpOjI7YToxOntzOjU6InRpdGxlIjtzOjA6IiI7fXM6MTI6Il9tdWx0aXdpZGdldCI7aToxO30=,eWVz
OTg=,c2lkZWJhcnNfd2lkZ2V0cw==,YToxNTp7czoxOToid3BfaW5hY3RpdmVfd2lkZ2V0cyI7YTowOnt9czoxMjoiYmxvZy1zaWRlYmFyIjthOjY6e2k6MDtzOjg6InNlYXJjaC0yIjtpOjE7czoxNDoicmVjZW50LXBvc3RzLTIiO2k6MjtzOjE3OiJyZWNlbnQtY29tbWVudHMtMiI7aTozO3M6MTA6ImFyY2hpdmVzLTIiO2k6NDtzOjEyOiJjYXRlZ29yaWVzLTIiO2k6NTtzOjY6Im1ldGEtMiI7fXM6MTI6InBhZ2Utc2lkZWJhciI7YTowOnt9czoxNjoiZm9vdGVyLXNpZGViYXItMSI7YTowOnt9czoxNjoiZm9vdGVyLXNpZGViYXItMiI7YTowOnt9czoxNjoiZm9vdGVyLXNpZGViYXItMyI7YTowOnt9czoxNjoiZm9vdGVyLXNpZGViYXItNCI7YTowOnt9czoyNDoiZnJvbnQtcGFnZS1hYm91dC1zaWRlYmFyIjthOjA6e31zOjI3OiJmcm9udC1wYWdlLXByb2plY3RzLXNpZGViYXIiO2E6MDp7fXM6Mjc6ImZyb250LXBhZ2Utc2VydmljZXMtc2lkZWJhciI7YToyOntpOjA7czoxNToiaWxsZHlfc2VydmljZS01IjtpOjE7czoxNToiaWxsZHlfc2VydmljZS0zIjt9czoyNjoiZnJvbnQtcGFnZS1jb3VudGVyLXNpZGViYXIiO2E6MDp7fXM6MjM6ImZyb250LXBhZ2UtdGVhbS1zaWRlYmFyIjthOjI6e2k6MDtzOjE0OiJpbGxkeV9wZXJzb24tMyI7aToxO3M6MTQ6ImlsbGR5X3BlcnNvbi00Ijt9czoyOToiZnJvbnQtcGFnZS1mdWxsLXdpZHRoLXNpZGViYXIiO2E6MDp7fXM6MzE6ImZyb250LXBhZ2UtdGVzdGltb25pYWxzLXNpZGViYXIiO2E6MDp7fXM6MTM6ImFycmF5X3ZlcnNpb24iO2k6Mzt9,eWVz
OTk=,d2lkZ2V0X3BhZ2Vz,YToxOntzOjEyOiJfbXVsdGl3aWRnZXQiO2k6MTt9,eWVz
MTAw,d2lkZ2V0X2NhbGVuZGFy,YToxOntzOjEyOiJfbXVsdGl3aWRnZXQiO2k6MTt9,eWVz
MTAx,d2lkZ2V0X21lZGlhX2F1ZGlv,YToxOntzOjEyOiJfbXVsdGl3aWRnZXQiO2k6MTt9,eWVz
MTAy,d2lkZ2V0X21lZGlhX2ltYWdl,YToxOntzOjEyOiJfbXVsdGl3aWRnZXQiO2k6MTt9,eWVz
MTAz,d2lkZ2V0X21lZGlhX2dhbGxlcnk=,YToxOntzOjEyOiJfbXVsdGl3aWRnZXQiO2k6MTt9,eWVz
MTA0,d2lkZ2V0X21lZGlhX3ZpZGVv,YToxOntzOjEyOiJfbXVsdGl3aWRnZXQiO2k6MTt9,eWVz
MTA1,bm9uY2Vfa2V5,IHNkYis/ZSMkVndTPFFDeWd4TT15eTVmSCBGeVRfRXRiXXFgQylKMmYmY3Bvd2xRRnMoZT9SJWtVYGROSntlfQ==,bm8=
MTA2,bm9uY2Vfc2FsdA==,cy9uXlIoVXVRfGJwKDgyOlJdKlBbaFNGdj91THFjPEs3dWU1OzVDKXA3Ojw1SSBGVXJbI1lGS2ZVK314Mjt8Xw==,bm8=
MTA3,d2lkZ2V0X3RhZ19jbG91ZA==,YToxOntzOjEyOiJfbXVsdGl3aWRnZXQiO2k6MTt9,eWVz
MTA4,d2lkZ2V0X25hdl9tZW51,YToxOntzOjEyOiJfbXVsdGl3aWRnZXQiO2k6MTt9,eWVz
MTA5,d2lkZ2V0X2N1c3RvbV9odG1s,YToxOntzOjEyOiJfbXVsdGl3aWRnZXQiO2k6MTt9,eWVz
MTEw,Y3Jvbg==,YTo0OntpOjE1MjAyNTU5MDE7YToxOntzOjk6Im15Y3JvbmpvYiI7YToxOntzOjMyOiI0MGNkNzUwYmJhOTg3MGYxOGFhZGEyNDc4YjI0ODQwYSI7YTozOntzOjg6InNjaGVkdWxlIjtzOjExOiJldmVyeW1pbnV0ZSI7czo0OiJhcmdzIjthOjA6e31zOjg6ImludGVydmFsIjtpOjYwO319fWk6MTUyMDI4MjQ1MjthOjM6e3M6MTY6IndwX3ZlcnNpb25fY2hlY2siO2E6MTp7czozMjoiNDBjZDc1MGJiYTk4NzBmMThhYWRhMjQ3OGIyNDg0MGEiO2E6Mzp7czo4OiJzY2hlZHVsZSI7czoxMDoidHdpY2VkYWlseSI7czo0OiJhcmdzIjthOjA6e31zOjg6ImludGVydmFsIjtpOjQzMjAwO319czoxNzoid3BfdXBkYXRlX3BsdWdpbnMiO2E6MTp7czozMjoiNDBjZDc1MGJiYTk4NzBmMThhYWRhMjQ3OGIyNDg0MGEiO2E6Mzp7czo4OiJzY2hlZHVsZSI7czoxMDoidHdpY2VkYWlseSI7czo0OiJhcmdzIjthOjA6e31zOjg6ImludGVydmFsIjtpOjQzMjAwO319czoxNjoid3BfdXBkYXRlX3RoZW1lcyI7YToxOntzOjMyOiI0MGNkNzUwYmJhOTg3MGYxOGFhZGEyNDc4YjI0ODQwYSI7YTozOntzOjg6InNjaGVkdWxlIjtzOjEwOiJ0d2ljZWRhaWx5IjtzOjQ6ImFyZ3MiO2E6MDp7fXM6ODoiaW50ZXJ2YWwiO2k6NDMyMDA7fX19aToxNTIwMzI1Njc0O2E6Mjp7czoxOToid3Bfc2NoZWR1bGVkX2RlbGV0ZSI7YToxOntzOjMyOiI0MGNkNzUwYmJhOTg3MGYxOGFhZGEyNDc4YjI0ODQwYSI7YTozOntzOjg6InNjaGVkdWxlIjtzOjU6ImRhaWx5IjtzOjQ6ImFyZ3MiO2E6MDp7fXM6ODoiaW50ZXJ2YWwiO2k6ODY0MDA7fX1zOjI1OiJkZWxldGVfZXhwaXJlZF90cmFuc2llbnRzIjthOjE6e3M6MzI6IjQwY2Q3NTBiYmE5ODcwZjE4YWFkYTI0NzhiMjQ4NDBhIjthOjM6e3M6ODoic2NoZWR1bGUiO3M6NToiZGFpbHkiO3M6NDoiYXJncyI7YTowOnt9czo4OiJpbnRlcnZhbCI7aTo4NjQwMDt9fX1zOjc6InZlcnNpb24iO2k6Mjt9,eWVz
MTEx,dGhlbWVfbW9kc190d2VudHlzZXZlbnRlZW4=,YToxOntzOjE4OiJjdXN0b21fY3NzX3Bvc3RfaWQiO2k6LTE7fQ==,eWVz
MTEz,X3RyYW5zaWVudF90d2VudHlzZXZlbnRlZW5fY2F0ZWdvcmllcw==,MQ==,eWVz
MTE0,Y3VycmVudF90aGVtZQ==,SWxsZHk=,eWVz
MTE1,cGlyYXRlX2Zvcm1zX3NldHRpbmdzX2FycmF5,YTozNDp7czoyMDoicGlyYXRlZm9ybXNvcHRfZW1haWwiO3M6MTc6ImR1bWlpY3RAZ21haWwuY29tIjtzOjMxOiJwaXJhdGVmb3Jtc29wdF9lbWFpbF9yZWNpcGllbnRzIjtzOjE3OiJkdW1paWN0QGdtYWlsLmNvbSI7czoyMDoicGlyYXRlZm9ybXNvcHRfc3RvcmUiO3M6MzoieWVzIjtzOjIwOiJwaXJhdGVmb3Jtc29wdF9ub25jZSI7czozOiJ5ZXMiO3M6Mjg6InBpcmF0ZWZvcm1zb3B0X2NvbmZpcm1fZW1haWwiO3M6MDoiIjtzOjI4OiJwaXJhdGVmb3Jtc29wdF90aGFua195b3VfdXJsIjtzOjA6IiI7czoyMjoicGlyYXRlZm9ybXNvcHRfYWtpc21ldCI7czowOiIiO3M6MjU6InBpcmF0ZWZvcm1zb3B0X25hbWVfZmllbGQiO3M6MzoicmVxIjtzOjI2OiJwaXJhdGVmb3Jtc29wdF9lbWFpbF9maWVsZCI7czozOiJyZXEiO3M6Mjg6InBpcmF0ZWZvcm1zb3B0X3N1YmplY3RfZmllbGQiO3M6MzoicmVxIjtzOjI4OiJwaXJhdGVmb3Jtc29wdF9tZXNzYWdlX2ZpZWxkIjtzOjM6InJlcSI7czozMToicGlyYXRlZm9ybXNvcHRfYXR0YWNobWVudF9maWVsZCI7czowOiIiO3M6MzA6InBpcmF0ZWZvcm1zb3B0X3JlY2FwdGNoYV9maWVsZCI7czowOiIiO3M6MzI6InBpcmF0ZWZvcm1zb3B0X3JlY2FwdGNoYV9zaXRla2V5IjtzOjA6IiI7czozNDoicGlyYXRlZm9ybXNvcHRfcmVjYXB0Y2hhX3NlY3JldGtleSI7czowOiIiO3M6MjU6InBpcmF0ZWZvcm1zb3B0X2xhYmVsX25hbWUiO3M6OToiWW91ciBOYW1lIjtzOjI2OiJwaXJhdGVmb3Jtc29wdF9sYWJlbF9lbWFpbCI7czoxMDoiWW91ciBFbWFpbCI7czoyODoicGlyYXRlZm9ybXNvcHRfbGFiZWxfc3ViamVjdCI7czo3OiJTdWJqZWN0IjtzOjI4OiJwaXJhdGVmb3Jtc29wdF9sYWJlbF9tZXNzYWdlIjtzOjEyOiJZb3VyIG1lc3NhZ2UiO3M6MzE6InBpcmF0ZWZvcm1zb3B0X2xhYmVsX3N1Ym1pdF9idG4iO3M6MTI6IlNlbmQgTWVzc2FnZSI7czoyODoicGlyYXRlZm9ybXNvcHRfZW1haWxfY29udGVudCI7czo0Nzk6IjxoMj5Db250YWN0IGZvcm0gc3VibWlzc2lvbiBmcm9tIE1vaGxhbGEgQWx1bWluaXVtIGFuZCBHbGFzcyAoaHR0cDovL2xvY2FsaG9zdCk8L2gyPjx0YWJsZT48dHI+PHRoPk5hbWU6PC90aD48dGQ+e25hbWV9PC90ZD48L3RyPjx0cj48dGg+RW1haWw6PC90aD48dGQ+e2VtYWlsfTwvdGQ+PC90cj48dHI+PHRoPlN1YmplY3Q6PC90aD48dGQ+e3N1YmplY3R9PC90ZD48L3RyPjx0cj48dGg+TWVzc2FnZTo8L3RoPjx0ZD57bWVzc2FnZX08L3RkPjwvdHI+PHRyPjx0aD5JUCBhZGRyZXNzOjwvdGg+PHRkPntpcH08L3RkPjwvdHI+PHRyPjx0aD5JUCBzZWFyY2g6PC90aD48dGQ+aHR0cDovL3doYXRpc215aXBhZGRyZXNzLmNvbS9pcC97aXB9PC90ZD48L3RyPjx0cj48dGg+Q2FtZSBmcm9tOjwvdGg+PHRkPntyZWZlcmVyfTwvdGQ+PC90cj48dHI+PHRoPlNlbnQgZnJvbSBwYWdlOjwvdGg+PHRkPntwZXJtYWxpbmt9PC90ZD48L3RyPjwvdGFibGU+IjtzOjI5OiJwaXJhdGVmb3Jtc29wdF9sYWJlbF9lcnJfbmFtZSI7czoxNToiRW50ZXIgeW91ciBuYW1lIjtzOjMwOiJwaXJhdGVmb3Jtc29wdF9sYWJlbF9lcnJfZW1haWwiO3M6MTc6IkVudGVyIHZhbGlkIGVtYWlsIjtzOjMyOiJwaXJhdGVmb3Jtc29wdF9sYWJlbF9lcnJfc3ViamVjdCI7czoyMjoiUGxlYXNlIGVudGVyIGEgc3ViamVjdCI7czozNToicGlyYXRlZm9ybXNvcHRfbGFiZWxfZXJyX25vX2NvbnRlbnQiO3M6MzA6IkVudGVyIHlvdXIgcXVlc3Rpb24gb3IgY29tbWVudCI7czozODoicGlyYXRlZm9ybXNvcHRfbGFiZWxfZXJyX25vX2F0dGFjaG1lbnQiO3M6MjQ6IlBsZWFzZSBhZGQgYW4gYXR0YWNobWVudCI7czoyNzoicGlyYXRlZm9ybXNvcHRfbGFiZWxfc3VibWl0IjtzOjQxOiJUaGFua3MsIHlvdXIgZW1haWwgd2FzIHNlbnQgc3VjY2Vzc2Z1bGx5ISI7czoyMzoicGlyYXRlZm9ybXNvcHRfdXNlX3NtdHAiO3M6MDoiIjtzOjI0OiJwaXJhdGVmb3Jtc29wdF9zbXRwX2hvc3QiO3M6MDoiIjtzOjI0OiJwaXJhdGVmb3Jtc29wdF9zbXRwX3BvcnQiO3M6MDoiIjtzOjM4OiJwaXJhdGVmb3Jtc29wdF91c2Vfc210cF9hdXRoZW50aWNhdGlvbiI7czozOiJ5ZXMiO3M6MjU6InBpcmF0ZWZvcm1zb3B0X3VzZV9zZWN1cmUiO3M6MDoiIjtzOjI4OiJwaXJhdGVmb3Jtc29wdF9zbXRwX3VzZXJuYW1lIjtzOjA6IiI7czoyODoicGlyYXRlZm9ybXNvcHRfc210cF9wYXNzd29yZCI7czowOiIiO30=,eWVz
MTE2,dGhlbWVpc2xlX3Nka19hY3RpdmVfbm90aWZpY2F0aW9u,YToyOntzOjM6ImtleSI7czozMjoicGlyYXRlX2Zvcm1zVGhlbWVJc2xlX1NES19Mb2dnZXIiO3M6NDoidGltZSI7aToxNTE4Njc5NDE2O30=,eWVz
MTE3,d3Atc211c2gtaW5zdGFsbC10eXBl,bmV3,bm8=
MTE4,c2l0ZW9yaWdpbl9wYW5lbHNfc2V0dGluZ3M=,YTowOnt9,eWVz
MTE5,c2l0ZW9yaWdpbl9wYW5lbHNfYWN0aXZlX3ZlcnNpb24=,Mi42LjI=,eWVz
MTIw,YXV0aF9rZXk=,UFpuY3xZdTdbNS5eam50QlsmbG5NJnMob3d8UyNqNFUlLGRUcHU9WHdGUU1mK1dNT3E6RktDVHs1bE1CNjs5eQ==,bm8=
MTIx,YXV0aF9zYWx0,WzBDbGw2cy1NSW8vQ2FXUEsrNk56NDpjPE5vL1JsZW8uezsyPm1BMlVMNlswYm9UYzYoVDxiUSpHXT12aytQQw==,bm8=
MTIy,bG9nZ2VkX2luX2tleQ==,SFJNOUh6O0ljcn1NaXpIYE5BemwjPk03VlJvcWB+TEd6fE1dQHxpcSszZFdWUms7K3VxaHp6e3E7JTs/emZnIQ==,bm8=
MTIz,bG9nZ2VkX2luX3NhbHQ=,PkgqbChOYFBNaThhIVs5aWx6b1VdR35uIUVBQTNlWDlOfH4mKXhqPVF1OSgocDkxbkNwMDMvXmVQRCl4e09FXQ==,bm8=
MTI0,d2lkZ2V0X2FraXNtZXRfd2lkZ2V0,YToxOntzOjEyOiJfbXVsdGl3aWRnZXQiO2k6MTt9,eWVz
MTI1,d2lkZ2V0X2JsYWNrLXN0dWRpby10aW55bWNl,YToxOntzOjEyOiJfbXVsdGl3aWRnZXQiO2k6MTt9,eWVz
MTI2,d2lkZ2V0X3BpcmF0ZV9mb3Jtc19jb250YWN0X3dpZGdldA==,YToxOntzOjEyOiJfbXVsdGl3aWRnZXQiO2k6MTt9,eWVz
MTI3,d2lkZ2V0X3NpdGVvcmlnaW4tcGFuZWxzLXBvc3QtY29udGVudA==,YToxOntzOjEyOiJfbXVsdGl3aWRnZXQiO2k6MTt9,eWVz
MTI4,d2lkZ2V0X3NpdGVvcmlnaW4tcGFuZWxzLXBvc3Rsb29w,YToxOntzOjEyOiJfbXVsdGl3aWRnZXQiO2k6MTt9,eWVz
MTI5,d2lkZ2V0X3NpdGVvcmlnaW4tcGFuZWxzLWJ1aWxkZXI=,YToxOntzOjEyOiJfbXVsdGl3aWRnZXQiO2k6MTt9,eWVz
MTMw,d2lkZ2V0X3Nvdy1idXR0b24=,YToxOntzOjEyOiJfbXVsdGl3aWRnZXQiO2k6MTt9,eWVz
MTMx,d2lkZ2V0X3Nvdy1nb29nbGUtbWFw,YToxOntzOjEyOiJfbXVsdGl3aWRnZXQiO2k6MTt9,eWVz
MTMy,d2lkZ2V0X3Nvdy1pbWFnZQ==,YToxOntzOjEyOiJfbXVsdGl3aWRnZXQiO2k6MTt9,eWVz
MTMz,d2lkZ2V0X3Nvdy1zbGlkZXI=,YToxOntzOjEyOiJfbXVsdGl3aWRnZXQiO2k6MTt9,eWVz
MTM0,d2lkZ2V0X3Nvdy1wb3N0LWNhcm91c2Vs,YToxOntzOjEyOiJfbXVsdGl3aWRnZXQiO2k6MTt9,eWVz
MTM1,d2lkZ2V0X3Nvdy1lZGl0b3I=,YToxOntzOjEyOiJfbXVsdGl3aWRnZXQiO2k6MTt9,eWVz
MTM2,d2lkZ2V0X3dwY3dfY29udGFjdA==,YToxOntzOjEyOiJfbXVsdGl3aWRnZXQiO2k6MTt9,eWVz
MTM3,d2lkZ2V0X3dwY3dfc29jaWFs,YToxOntzOjEyOiJfbXVsdGl3aWRnZXQiO2k6MTt9,eWVz
MTM4,d2lkZ2V0X2xpc3Q=,YToxOntzOjEyOiJfbXVsdGl3aWRnZXQiO2k6MTt9,eWVz
MTM5,d2lkZ2V0X2ZwX3NvY2lhbA==,YToxOntzOjEyOiJfbXVsdGl3aWRnZXQiO2k6MTt9,eWVz
MTQx,cGlyYXRlX2Zvcm1zX2luc3RhbGw=,MTUxNzgyMDA2MA==,eWVz
MTQ0,dGhlbWVfbW9kc19zeWRuZXk=,YToyOntzOjE4OiJjdXN0b21fY3NzX3Bvc3RfaWQiO2k6LTE7czoxNjoic2lkZWJhcnNfd2lkZ2V0cyI7YToyOntzOjQ6InRpbWUiO2k6MTUxNzgyMjMzODtzOjQ6ImRhdGEiO2E6NDp7czoxOToid3BfaW5hY3RpdmVfd2lkZ2V0cyI7YTowOnt9czo5OiJzaWRlYmFyLTEiO2E6Njp7aTowO3M6ODoic2VhcmNoLTIiO2k6MTtzOjE0OiJyZWNlbnQtcG9zdHMtMiI7aToyO3M6MTc6InJlY2VudC1jb21tZW50cy0yIjtpOjM7czoxMDoiYXJjaGl2ZXMtMiI7aTo0O3M6MTI6ImNhdGVnb3JpZXMtMiI7aTo1O3M6NjoibWV0YS0yIjt9czo5OiJzaWRlYmFyLTIiO2E6MDp7fXM6OToic2lkZWJhci0zIjthOjA6e319fX0=,eWVz
MTQ1,d2Rldi1mcmFzaA==,YTozOntzOjc6InBsdWdpbnMiO2E6MTp7czoyMzoid3Atc211c2hpdC93cC1zbXVzaC5waHAiO2k6MTUxNzgyMDA2Mjt9czo1OiJxdWV1ZSI7YToyOntzOjMyOiI3ZGUzNjE5OTgxY2FhZGM1NWYzMGEwMDJiZmIyOTlmNiI7YTo0OntzOjY6InBsdWdpbiI7czoyMzoid3Atc211c2hpdC93cC1zbXVzaC5waHAiO3M6NDoidHlwZSI7czo1OiJlbWFpbCI7czo3OiJzaG93X2F0IjtpOjE1MTc4MjAwNjI7czo2OiJzdGlja3kiO2I6MTt9czozMjoiZmM1MDA5NzAyM2QwZDM0YzVhNjZmNmNkZGNmNzc2OTQiO2E6Mzp7czo2OiJwbHVnaW4iO3M6MjM6IndwLXNtdXNoaXQvd3Atc211c2gucGhwIjtzOjQ6InR5cGUiO3M6NDoicmF0ZSI7czo3OiJzaG93X2F0IjtpOjE1MjAyNzAwODQ7fX1zOjQ6ImRvbmUiO2E6MDp7fX0=,bm8=
MTQ2,d3BjZjc=,YToxOntzOjc6InZlcnNpb24iO3M6MzoiNS4wIjt9,eWVz
MTQ3,c2l0ZW9yaWdpbl93aWRnZXRfYnVuZGxlX3ZlcnNpb24=,MS4xMS4z,eWVz
MTQ5,c2l0ZW9yaWdpbl93aWRnZXRzX29sZF93aWRnZXRz,QzpceGFtcHBcaHRkb2NzXHdvcmRwcmVzc1x3cC1jb250ZW50XHBsdWdpbnNcc28td2lkZ2V0cy1idW5kbGUvd2lkZ2V0cy9hY2NvcmRpb24vYWNjb3JkaW9uLnBocCxDOlx4YW1wcFxodGRvY3Ncd29yZHByZXNzXHdwLWNvbnRlbnRccGx1Z2luc1xzby13aWRnZXRzLWJ1bmRsZS93aWRnZXRzL2J1dHRvbi9idXR0b24ucGhwLEM6XHhhbXBwXGh0ZG9jc1x3b3JkcHJlc3Ncd3AtY29udGVudFxwbHVnaW5zXHNvLXdpZGdldHMtYnVuZGxlL3dpZGdldHMvY3RhL2N0YS5waHAsQzpceGFtcHBcaHRkb2NzXHdvcmRwcmVzc1x3cC1jb250ZW50XHBsdWdpbnNcc28td2lkZ2V0cy1idW5kbGUvd2lkZ2V0cy9jb250YWN0L2NvbnRhY3QucGhwLEM6XHhhbXBwXGh0ZG9jc1x3b3JkcHJlc3Ncd3AtY29udGVudFxwbHVnaW5zXHNvLXdpZGdldHMtYnVuZGxlL3dpZGdldHMvZWRpdG9yL2VkaXRvci5waHAsQzpceGFtcHBcaHRkb2NzXHdvcmRwcmVzc1x3cC1jb250ZW50XHBsdWdpbnNcc28td2lkZ2V0cy1idW5kbGUvd2lkZ2V0cy9mZWF0dXJlcy9mZWF0dXJlcy5waHAsQzpceGFtcHBcaHRkb2NzXHdvcmRwcmVzc1x3cC1jb250ZW50XHBsdWdpbnNcc28td2lkZ2V0cy1idW5kbGUvd2lkZ2V0cy9nb29nbGUtbWFwL2dvb2dsZS1tYXAucGhwLEM6XHhhbXBwXGh0ZG9jc1x3b3JkcHJlc3Ncd3AtY29udGVudFxwbHVnaW5zXHNvLXdpZGdldHMtYnVuZGxlL3dpZGdldHMvaGVhZGxpbmUvaGVhZGxpbmUucGhwLEM6XHhhbXBwXGh0ZG9jc1x3b3JkcHJlc3Ncd3AtY29udGVudFxwbHVnaW5zXHNvLXdpZGdldHMtYnVuZGxlL3dpZGdldHMvaGVyby9oZXJvLnBocCxDOlx4YW1wcFxodGRvY3Ncd29yZHByZXNzXHdwLWNvbnRlbnRccGx1Z2luc1xzby13aWRnZXRzLWJ1bmRsZS93aWRnZXRzL2ljb24vaWNvbi5waHAsQzpceGFtcHBcaHRkb2NzXHdvcmRwcmVzc1x3cC1jb250ZW50XHBsdWdpbnNcc28td2lkZ2V0cy1idW5kbGUvd2lkZ2V0cy9pbWFnZS9pbWFnZS5waHAsQzpceGFtcHBcaHRkb2NzXHdvcmRwcmVzc1x3cC1jb250ZW50XHBsdWdpbnNcc28td2lkZ2V0cy1idW5kbGUvd2lkZ2V0cy9pbWFnZS1ncmlkL2ltYWdlLWdyaWQucGhwLEM6XHhhbXBwXGh0ZG9jc1x3b3JkcHJlc3Ncd3AtY29udGVudFxwbHVnaW5zXHNvLXdpZGdldHMtYnVuZGxlL3dpZGdldHMvc2xpZGVyL3NsaWRlci5waHAsQzpceGFtcHBcaHRkb2NzXHdvcmRwcmVzc1x3cC1jb250ZW50XHBsdWdpbnNcc28td2lkZ2V0cy1idW5kbGUvd2lkZ2V0cy9sYXlvdXQtc2xpZGVyL2xheW91dC1zbGlkZXIucGhwLEM6XHhhbXBwXGh0ZG9jc1x3b3JkcHJlc3Ncd3AtY29udGVudFxwbHVnaW5zXHNvLXdpZGdldHMtYnVuZGxlL3dpZGdldHMvcG9zdC1jYXJvdXNlbC9wb3N0LWNhcm91c2VsLnBocCxDOlx4YW1wcFxodGRvY3Ncd29yZHByZXNzXHdwLWNvbnRlbnRccGx1Z2luc1xzby13aWRnZXRzLWJ1bmRsZS93aWRnZXRzL3ByaWNlLXRhYmxlL3ByaWNlLXRhYmxlLnBocCxDOlx4YW1wcFxodGRvY3Ncd29yZHByZXNzXHdwLWNvbnRlbnRccGx1Z2luc1xzby13aWRnZXRzLWJ1bmRsZS93aWRnZXRzL3NpbXBsZS1tYXNvbnJ5L3NpbXBsZS1tYXNvbnJ5LnBocCxDOlx4YW1wcFxodGRvY3Ncd29yZHByZXNzXHdwLWNvbnRlbnRccGx1Z2luc1xzby13aWRnZXRzLWJ1bmRsZS93aWRnZXRzL3NvY2lhbC1tZWRpYS1idXR0b25zL3NvY2lhbC1tZWRpYS1idXR0b25zLnBocCxDOlx4YW1wcFxodGRvY3Ncd29yZHByZXNzXHdwLWNvbnRlbnRccGx1Z2luc1xzby13aWRnZXRzLWJ1bmRsZS93aWRnZXRzL3RhYnMvdGFicy5waHAsQzpceGFtcHBcaHRkb2NzXHdvcmRwcmVzc1x3cC1jb250ZW50XHBsdWdpbnNcc28td2lkZ2V0cy1idW5kbGUvd2lkZ2V0cy90YXhvbm9teS90YXhvbm9teS5waHAsQzpceGFtcHBcaHRkb2NzXHdvcmRwcmVzc1x3cC1jb250ZW50XHBsdWdpbnNcc28td2lkZ2V0cy1idW5kbGUvd2lkZ2V0cy90ZXN0aW1vbmlhbC90ZXN0aW1vbmlhbC5waHAsQzpceGFtcHBcaHRkb2NzXHdvcmRwcmVzc1x3cC1jb250ZW50XHBsdWdpbnNcc28td2lkZ2V0cy1idW5kbGUvd2lkZ2V0cy92aWRlby92aWRlby5waHA=,eWVz
MTU0,X3RyYW5zaWVudF90aW1lb3V0X3BpcmF0ZV9mb3Jtc18yMzN2ZXJzaW9ucw==,MTUyMDQxMjA3NA==,bm8=
MTU1,X3RyYW5zaWVudF9waXJhdGVfZm9ybXNfMjMzdmVyc2lvbnM=,YTozNTp7aTowO2E6Mjp7czo3OiJ2ZXJzaW9uIjtzOjY6IjEuMC4xMCI7czozOiJ1cmwiO3M6NjI6Imh0dHBzOi8vZG93bmxvYWRzLndvcmRwcmVzcy5vcmcvcGx1Z2luL3BpcmF0ZS1mb3Jtcy4xLjAuMTAuemlwIjt9aToxO2E6Mjp7czo3OiJ2ZXJzaW9uIjtzOjY6IjEuMC4xMiI7czozOiJ1cmwiO3M6NjI6Imh0dHBzOi8vZG93bmxvYWRzLndvcmRwcmVzcy5vcmcvcGx1Z2luL3BpcmF0ZS1mb3Jtcy4xLjAuMTIuemlwIjt9aToyO2E6Mjp7czo3OiJ2ZXJzaW9uIjtzOjY6IjEuMC4xMyI7czozOiJ1cmwiO3M6NjI6Imh0dHBzOi8vZG93bmxvYWRzLndvcmRwcmVzcy5vcmcvcGx1Z2luL3BpcmF0ZS1mb3Jtcy4xLjAuMTMuemlwIjt9aTozO2E6Mjp7czo3OiJ2ZXJzaW9uIjtzOjY6IjEuMC4xNCI7czozOiJ1cmwiO3M6NjI6Imh0dHBzOi8vZG93bmxvYWRzLndvcmRwcmVzcy5vcmcvcGx1Z2luL3BpcmF0ZS1mb3Jtcy4xLjAuMTQuemlwIjt9aTo0O2E6Mjp7czo3OiJ2ZXJzaW9uIjtzOjY6IjEuMC4xNSI7czozOiJ1cmwiO3M6NjI6Imh0dHBzOi8vZG93bmxvYWRzLndvcmRwcmVzcy5vcmcvcGx1Z2luL3BpcmF0ZS1mb3Jtcy4xLjAuMTUuemlwIjt9aTo1O2E6Mjp7czo3OiJ2ZXJzaW9uIjtzOjY6IjEuMC4xNiI7czozOiJ1cmwiO3M6NjI6Imh0dHBzOi8vZG93bmxvYWRzLndvcmRwcmVzcy5vcmcvcGx1Z2luL3BpcmF0ZS1mb3Jtcy4xLjAuMTYuemlwIjt9aTo2O2E6Mjp7czo3OiJ2ZXJzaW9uIjtzOjY6IjEuMC4xNyI7czozOiJ1cmwiO3M6NjI6Imh0dHBzOi8vZG93bmxvYWRzLndvcmRwcmVzcy5vcmcvcGx1Z2luL3BpcmF0ZS1mb3Jtcy4xLjAuMTcuemlwIjt9aTo3O2E6Mjp7czo3OiJ2ZXJzaW9uIjtzOjY6IjEuMC4xOCI7czozOiJ1cmwiO3M6NjI6Imh0dHBzOi8vZG93bmxvYWRzLndvcmRwcmVzcy5vcmcvcGx1Z2luL3BpcmF0ZS1mb3Jtcy4xLjAuMTguemlwIjt9aTo4O2E6Mjp7czo3OiJ2ZXJzaW9uIjtzOjU6IjEuMC4zIjtzOjM6InVybCI7czo2MToiaHR0cHM6Ly9kb3dubG9hZHMud29yZHByZXNzLm9yZy9wbHVnaW4vcGlyYXRlLWZvcm1zLjEuMC4zLnppcCI7fWk6OTthOjI6e3M6NzoidmVyc2lvbiI7czo1OiIxLjAuNCI7czozOiJ1cmwiO3M6NjE6Imh0dHBzOi8vZG93bmxvYWRzLndvcmRwcmVzcy5vcmcvcGx1Z2luL3BpcmF0ZS1mb3Jtcy4xLjAuNC56aXAiO31pOjEwO2E6Mjp7czo3OiJ2ZXJzaW9uIjtzOjU6IjEuMC41IjtzOjM6InVybCI7czo2MToiaHR0cHM6Ly9kb3dubG9hZHMud29yZHByZXNzLm9yZy9wbHVnaW4vcGlyYXRlLWZvcm1zLjEuMC41LnppcCI7fWk6MTE7YToyOntzOjc6InZlcnNpb24iO3M6NToiMS4wLjYiO3M6MzoidXJsIjtzOjYxOiJodHRwczovL2Rvd25sb2Fkcy53b3JkcHJlc3Mub3JnL3BsdWdpbi9waXJhdGUtZm9ybXMuMS4wLjYuemlwIjt9aToxMjthOjI6e3M6NzoidmVyc2lvbiI7czo1OiIxLjAuNyI7czozOiJ1cmwiO3M6NjE6Imh0dHBzOi8vZG93bmxvYWRzLndvcmRwcmVzcy5vcmcvcGx1Z2luL3BpcmF0ZS1mb3Jtcy4xLjAuNy56aXAiO31pOjEzO2E6Mjp7czo3OiJ2ZXJzaW9uIjtzOjU6IjEuMS4zIjtzOjM6InVybCI7czo2MToiaHR0cHM6Ly9kb3dubG9hZHMud29yZHByZXNzLm9yZy9wbHVnaW4vcGlyYXRlLWZvcm1zLjEuMS4zLnppcCI7fWk6MTQ7YToyOntzOjc6InZlcnNpb24iO3M6NToiMS4yLjAiO3M6MzoidXJsIjtzOjYxOiJodHRwczovL2Rvd25sb2Fkcy53b3JkcHJlc3Mub3JnL3BsdWdpbi9waXJhdGUtZm9ybXMuMS4yLjAuemlwIjt9aToxNTthOjI6e3M6NzoidmVyc2lvbiI7czo1OiIxLjIuMSI7czozOiJ1cmwiO3M6NjE6Imh0dHBzOi8vZG93bmxvYWRzLndvcmRwcmVzcy5vcmcvcGx1Z2luL3BpcmF0ZS1mb3Jtcy4xLjIuMS56aXAiO31pOjE2O2E6Mjp7czo3OiJ2ZXJzaW9uIjtzOjU6IjEuMi4yIjtzOjM6InVybCI7czo2MToiaHR0cHM6Ly9kb3dubG9hZHMud29yZHByZXNzLm9yZy9wbHVnaW4vcGlyYXRlLWZvcm1zLjEuMi4yLnppcCI7fWk6MTc7YToyOntzOjc6InZlcnNpb24iO3M6NToiMS4yLjUiO3M6MzoidXJsIjtzOjYxOiJodHRwczovL2Rvd25sb2Fkcy53b3JkcHJlc3Mub3JnL3BsdWdpbi9waXJhdGUtZm9ybXMuMS4yLjUuemlwIjt9aToxODthOjI6e3M6NzoidmVyc2lvbiI7czo1OiIyLjAuMCI7czozOiJ1cmwiO3M6NjE6Imh0dHBzOi8vZG93bmxvYWRzLndvcmRwcmVzcy5vcmcvcGx1Z2luL3BpcmF0ZS1mb3Jtcy4yLjAuMC56aXAiO31pOjE5O2E6Mjp7czo3OiJ2ZXJzaW9uIjtzOjU6IjIuMC4xIjtzOjM6InVybCI7czo2MToiaHR0cHM6Ly9kb3dubG9hZHMud29yZHByZXNzLm9yZy9wbHVnaW4vcGlyYXRlLWZvcm1zLjIuMC4xLnppcCI7fWk6MjA7YToyOntzOjc6InZlcnNpb24iO3M6NToiMi4wLjIiO3M6MzoidXJsIjtzOjYxOiJodHRwczovL2Rvd25sb2Fkcy53b3JkcHJlc3Mub3JnL3BsdWdpbi9waXJhdGUtZm9ybXMuMi4wLjIuemlwIjt9aToyMTthOjI6e3M6NzoidmVyc2lvbiI7czo1OiIyLjAuMyI7czozOiJ1cmwiO3M6NjE6Imh0dHBzOi8vZG93bmxvYWRzLndvcmRwcmVzcy5vcmcvcGx1Z2luL3BpcmF0ZS1mb3Jtcy4yLjAuMy56aXAiO31pOjIyO2E6Mjp7czo3OiJ2ZXJzaW9uIjtzOjU6IjIuMC40IjtzOjM6InVybCI7czo2MToiaHR0cHM6Ly9kb3dubG9hZHMud29yZHByZXNzLm9yZy9wbHVnaW4vcGlyYXRlLWZvcm1zLjIuMC40LnppcCI7fWk6MjM7YToyOntzOjc6InZlcnNpb24iO3M6NToiMi4wLjUiO3M6MzoidXJsIjtzOjYxOiJodHRwczovL2Rvd25sb2Fkcy53b3JkcHJlc3Mub3JnL3BsdWdpbi9waXJhdGUtZm9ybXMuMi4wLjUuemlwIjt9aToyNDthOjI6e3M6NzoidmVyc2lvbiI7czo1OiIyLjEuMCI7czozOiJ1cmwiO3M6NjE6Imh0dHBzOi8vZG93bmxvYWRzLndvcmRwcmVzcy5vcmcvcGx1Z2luL3BpcmF0ZS1mb3Jtcy4yLjEuMC56aXAiO31pOjI1O2E6Mjp7czo3OiJ2ZXJzaW9uIjtzOjU6IjIuMi4wIjtzOjM6InVybCI7czo2MToiaHR0cHM6Ly9kb3dubG9hZHMud29yZHByZXNzLm9yZy9wbHVnaW4vcGlyYXRlLWZvcm1zLjIuMi4wLnppcCI7fWk6MjY7YToyOntzOjc6InZlcnNpb24iO3M6NToiMi4yLjEiO3M6MzoidXJsIjtzOjYxOiJodHRwczovL2Rvd25sb2Fkcy53b3JkcHJlc3Mub3JnL3BsdWdpbi9waXJhdGUtZm9ybXMuMi4yLjEuemlwIjt9aToyNzthOjI6e3M6NzoidmVyc2lvbiI7czo1OiIyLjIuMiI7czozOiJ1cmwiO3M6NjE6Imh0dHBzOi8vZG93bmxvYWRzLndvcmRwcmVzcy5vcmcvcGx1Z2luL3BpcmF0ZS1mb3Jtcy4yLjIuMi56aXAiO31pOjI4O2E6Mjp7czo3OiJ2ZXJzaW9uIjtzOjU6IjIuMi4zIjtzOjM6InVybCI7czo2MToiaHR0cHM6Ly9kb3dubG9hZHMud29yZHByZXNzLm9yZy9wbHVnaW4vcGlyYXRlLWZvcm1zLjIuMi4zLnppcCI7fWk6Mjk7YToyOntzOjc6InZlcnNpb24iO3M6NToiMi4yLjQiO3M6MzoidXJsIjtzOjYxOiJodHRwczovL2Rvd25sb2Fkcy53b3JkcHJlc3Mub3JnL3BsdWdpbi9waXJhdGUtZm9ybXMuMi4yLjQuemlwIjt9aTozMDthOjI6e3M6NzoidmVyc2lvbiI7czo1OiIyLjIuNSI7czozOiJ1cmwiO3M6NjE6Imh0dHBzOi8vZG93bmxvYWRzLndvcmRwcmVzcy5vcmcvcGx1Z2luL3BpcmF0ZS1mb3Jtcy4yLjIuNS56aXAiO31pOjMxO2E6Mjp7czo3OiJ2ZXJzaW9uIjtzOjU6IjIuMy4wIjtzOjM6InVybCI7czo2MToiaHR0cHM6Ly9kb3dubG9hZHMud29yZHByZXNzLm9yZy9wbHVnaW4vcGlyYXRlLWZvcm1zLjIuMy4wLnppcCI7fWk6MzI7YToyOntzOjc6InZlcnNpb24iO3M6NToiMi4zLjEiO3M6MzoidXJsIjtzOjYxOiJodHRwczovL2Rvd25sb2Fkcy53b3JkcHJlc3Mub3JnL3BsdWdpbi9waXJhdGUtZm9ybXMuMi4zLjEuemlwIjt9aTozMzthOjI6e3M6NzoidmVyc2lvbiI7czo1OiIyLjMuMiI7czozOiJ1cmwiO3M6NjE6Imh0dHBzOi8vZG93bmxvYWRzLndvcmRwcmVzcy5vcmcvcGx1Z2luL3BpcmF0ZS1mb3Jtcy4yLjMuMi56aXAiO31pOjM0O2E6Mjp7czo3OiJ2ZXJzaW9uIjtzOjU6IjIuMy4zIjtzOjM6InVybCI7czo2MToiaHR0cHM6Ly9kb3dubG9hZHMud29yZHByZXNzLm9yZy9wbHVnaW4vcGlyYXRlLWZvcm1zLjIuMy4zLnppcCI7fX0=,bm8=
MTY0,Y2FuX2NvbXByZXNzX3NjcmlwdHM=,MQ==,bm8=
MTg4,dGhlbWVfbW9kc19pbGxkeQ==,YTo0MTp7aTowO2I6MDtzOjE4OiJuYXZfbWVudV9sb2NhdGlvbnMiO2E6MDp7fXM6MTg6ImN1c3RvbV9jc3NfcG9zdF9pZCI7aTotMTtzOjI0OiJpbGxkeV9hYm91dF9nZW5lcmFsX3Nob3ciO2k6MDtzOjI3OiJpbGxkeV9wcm9qZWN0c19nZW5lcmFsX3Nob3ciO2k6MDtzOjExOiJjdXN0b21fbG9nbyI7aToxMTtzOjE1OiJpbGxkeV90ZXh0X2xvZ28iO3M6MDoiIjtzOjIyOiJpbGxkeV9wcmVsb2FkZXJfZW5hYmxlIjtpOjE7czoyMToiaWxsZHlfanVtYm90cm9uX3RpdGxlIjtzOjA6IiI7czoyODoiaWxsZHlfc2VydmljZXNfZ2VuZXJhbF9lbnRyeSI7czoxMTg6IkluIG9yZGVyIHRvIGhlbHAgeW91IHVuZGVyc3RhbmQgb3VyIGJ1c2luZXNzLCBvdXIgY2FyZWZ1bGx5IHNlbGVjdGVkIGV4cGVydHMgY2FuIGFkdmlzZSB5b3UgaW4gaW4gdGhlIGZvbGxvd2luZyBhcmVhczoiO3M6MzE6ImlsbGR5X3Rlc3RpbW9uaWFsc19nZW5lcmFsX3Nob3ciO2k6MDtzOjI0OiJpbGxkeV90ZWFtX2dlbmVyYWxfZW50cnkiO3M6NjQ6Ik1lZXQgdGhlIHBlb3BsZSB3aG8gd2lsbCBiZSByZXNwb25zaWJsZSBmb3IgeW91ciBidXNpbmVzcyBuZWVkcy4iO3M6MjY6ImlsbGR5X3RlYW1fYmFja2dyb3VuZF9zaXplIjtzOjc6ImNvbnRhaW4iO3M6MTE6ImlsbGR5X2VtYWlsIjtzOjMyOiJpbmZvQG1vaGxhbGFhbHVtaW5pdW1nbGFzcy5jby56YSI7czozOToiaWxsZHlfY29udGFjdF91c19nZW5lcmFsX2NvbnRhY3RfZm9ybV83IjtzOjI6IjMyIjtzOjExOiJpbGxkeV9waG9uZSI7czoxNDoiKDA3MSkgMjE1LTgyMjkiO3M6MTQ6ImlsbGR5X2FkZHJlc3MxIjtzOjE5OiIxNzU1IEtob3phIHN0cmVldCwgIjtzOjE0OiJpbGxkeV9hZGRyZXNzMiI7czo4OiJUZW1iaXNhICI7czo0NzoiaWxsZHlfY29udGFjdF91c19nZW5lcmFsX2N1c3RvbWVyX3N1cHBvcnRfdGl0bGUiO3M6MDoiIjtzOjIyOiJpbGxkeV9jb250YWN0X3VzX2VudHJ5IjtzOjUzOiJBbmQgd2Ugd2lsbCBnZXQgaW4gdG91Y2ggYXMgc29vbiBhcyBwb3NzaWJsZS4KCiZuYnNwOyI7czozMDoiaWxsZHlfbGF0ZXN0X25ld3NfZ2VuZXJhbF9zaG93IjtpOjA7czozODoiaWxsZHlfanVtYm90cm9uX2VuYWJsZV9wYXJhbGxheF9lZmZlY3QiO2k6MTtzOjQzOiJpbGxkeV9qdW1ib3Ryb25fZ2VuZXJhbF9zZWNvbmRfYnV0dG9uX3RpdGxlIjtzOjA6IiI7czoyOToiaWxsZHlfanVtYm90cm9uX2dlbmVyYWxfZW50cnkiO3M6MDoiIjtzOjQyOiJpbGxkeV9qdW1ib3Ryb25fZ2VuZXJhbF9maXJzdF9idXR0b25fdGl0bGUiO3M6MTE6IlNjcm9sbCBEb3duIjtzOjI4OiJpbGxkeV9zZXJ2aWNlc19nZW5lcmFsX2NvbG9yIjtzOjc6IiMwMDVmYmYiO3M6Mjk6ImlsbGR5X2p1bWJvdHJvbl9nZW5lcmFsX2ltYWdlIjtzOjU2OiJodHRwOi8vbG9jYWxob3N0L3dwLWNvbnRlbnQvdXBsb2Fkcy8yMDE4LzAyL2ltZ19iZ180LmpwZyI7czozMToiaWxsZHlfanVtYm90cm9uX2JhY2tncm91bmRfc2l6ZSI7czo1OiJjb3ZlciI7czozMzoiaWxsZHlfanVtYm90cm9uX2JhY2tncm91bmRfcmVwZWF0IjtpOjA7czozNzoiaWxsZHlfanVtYm90cm9uX2JhY2tncm91bmRfYXR0YWNobWVudCI7aToxO3M6NDA6ImlsbGR5X2p1bWJvdHJvbl9nZW5lcmFsX2ZpcnN0X2J1dHRvbl91cmwiO3M6MDoiIjtzOjQxOiJpbGxkeV9qdW1ib3Ryb25fZ2VuZXJhbF9zZWNvbmRfYnV0dG9uX3VybCI7czowOiIiO3M6Mzc6ImlsbGR5X2p1bWJvdHJvbl9iYWNrZ3JvdW5kX3Bvc2l0aW9uX3giO3M6NjoiY2VudGVyIjtzOjM3OiJpbGxkeV9qdW1ib3Ryb25fYmFja2dyb3VuZF9wb3NpdGlvbl95IjtzOjY6ImNlbnRlciI7czoyNjoiaWxsZHlfc2VydmljZXNfdGl0bGVfY29sb3IiO3M6NzoiI2ZmZmZmZiI7czozMzoiaWxsZHlfc2VydmljZXNfZGVzY3JpcHRpb25zX2NvbG9yIjtzOjc6IiNmZmZmZmYiO3M6MzI6ImlsbGR5X3NlcnZpY2VzX2JhY2tncm91bmRfcmVwZWF0IjtpOjE7czoxNToiaWxsZHlfZ29fdG9fdG9wIjtpOjE7czoyNjoiaWxsZHlfc3RpY2t5X2hlYWRlcl9lbmFibGUiO2k6MTtzOjM3OiJpbGxkeV9qdW1ib3Ryb25fZW5hYmxlX2ZlYXR1cmVkX2ltYWdlIjtpOjE7czoyOToiaWxsZHlfcHJlbG9hZGVyX3ByaW1hcnlfY29sb3IiO3M6NzoiIzAwNjMyMyI7fQ==,eWVz
MTg5,dGhlbWVfc3dpdGNoZWQ=,,eWVz
MTkw,aWxsZHlfYmFja3VwX3NldHRpbmdz,Mw==,eWVz
MjEx,ZnJlc2hfc2l0ZQ==,MA==,eWVz
MzI4,cmVjZW50bHlfYWN0aXZhdGVk,YTowOnt9,eWVz
MzI5,d2lkZ2V0X2lsbGR5X3JlY2VudF9wb3N0cw==,YToxOntzOjEyOiJfbXVsdGl3aWRnZXQiO2k6MTt9,eWVz
MzMw,d2lkZ2V0X2lsbGR5X3NraWxs,YToxOntzOjEyOiJfbXVsdGl3aWRnZXQiO2k6MTt9,eWVz
MzMx,d2lkZ2V0X2lsbGR5X3Byb2plY3Q=,YToxOntzOjEyOiJfbXVsdGl3aWRnZXQiO2k6MTt9,eWVz
MzMy,d2lkZ2V0X2lsbGR5X3NlcnZpY2U=,YTozOntzOjEyOiJfbXVsdGl3aWRnZXQiO2k6MTtpOjM7YTo0OntzOjU6InRpdGxlIjtzOjE5OiJBbHVtaW5pdW0gYW5kIEdsYXNzIjtzOjQ6Imljb24iO3M6MTI6ImZhIGZhLXdyZW5jaCI7czo1OiJlbnRyeSI7czoxNDI6IldlIHNwZWNpYWxpemUgaW4gY3VzdG9tIG1hZGUgYWx1bWluaXVtIHByb2R1Y3RzIHJhbmdpbmcgZnJvbSBEb29ycywgV2luZG93cywgR2F0ZXMsIEdhcmFnZSBEb29ycywgU2xpZGluZyBEb29ycywgT2ZmaWNlIHBhcnRpdGlvbmluZyBhbmQgbW9yZS4iO3M6NToiY29sb3IiO3M6NzoiI2ZmZmZmZiI7fWk6NTthOjQ6e3M6NToidGl0bGUiO3M6Mjg6IkFsdW1pbml1bSBhbmQgR2xhc3MgU3VwcGxpZXIiO3M6NDoiaWNvbiI7czoxNjoiZmEgZmEtYXV0b21vYmlsZSI7czo1OiJlbnRyeSI7czoxNDY6IldlIHN1cHBseSBhbHVtaW5pdW0gYW5kIGdsYXNzIHRvIGN1c3RvbWVycyB3aG8gcmVxdWlyZSBzdXBwbGllcyB0byBjbGllbnRzIHdobyBhcmUgaW4gdGhlIHNhbWUgYnVzaW5lc3Mgb2YgYnVpbGRpbmcgYW5kIG1ha2luZyBhbHVtaW5pdW0gcHJvZHVjdHMuIjtzOjU6ImNvbG9yIjtzOjc6IiNmZmZmZmYiO319,eWVz
MzMz,d2lkZ2V0X2lsbGR5X2NvdW50ZXI=,YToxOntzOjEyOiJfbXVsdGl3aWRnZXQiO2k6MTt9,eWVz
MzM0,d2lkZ2V0X2lsbGR5X3BlcnNvbg==,YTozOntzOjEyOiJfbXVsdGl3aWRnZXQiO2k6MTtpOjM7YTo5OntzOjU6InRpdGxlIjtzOjE0OiJLYWJlbG8gTW9obGFsYSI7czo1OiJpbWFnZSI7czo1ODoiaHR0cDovL2xvY2FsaG9zdC93cC1jb250ZW50L3VwbG9hZHMvMjAxOC8wMi9pbWdfdGVhbV8xLmpwZyI7czo4OiJwb3NpdGlvbiI7czoxNzoiTWFuYWdpbmcgRGlyZWN0b3IiO3M6NToiZW50cnkiO3M6MjczOiJGb3VuZGVyIGFuZCBvd25lciBvZiBNb2hsYWxhIGFsdW1pbml1bSBhbmQgZ2xhc3MgY29tcGFueSwgaGFzIG1vcmUgdGhhbiA1IHllYXJzIGV4cGVyaWVuY2Ugd29ya2luZyBhcyBhbiBpbnN0YWxsZXIgYXMgYW4gZW1wbG95ZWUgdG8gaGlzIHByZXZpb3VzIGVtcGxveWVyLiBIZSBoYXMgYmVlbiBhIGxlYWRlciBhbmQgdHJ1c3RlZCBlbXBsb3llZSB0byBwcm92aWRlIHByb2Zlc3Npb25hbCBzZXJ2aWNlcyBpbiBpbnN0YWxsaW5nIGFsdW1pbml1bSBhbmQgZ2xhc3MgZGVzaWducy4iO3M6MTI6ImZhY2Vib29rX3VybCI7czowOiIiO3M6MTE6InR3aXR0ZXJfdXJsIjtzOjA6IiI7czoxMjoibGlua2VkaW5fdXJsIjtzOjA6IiI7czoxMDoiZ2l0aHViX3VybCI7czowOiIiO3M6NToiY29sb3IiO3M6NzoiIzAwMDAwMCI7fWk6NDthOjk6e3M6NToidGl0bGUiO3M6MTY6IkR1bWlzYW5pIEtodW1hbG8iO3M6NToiaW1hZ2UiO3M6NTg6Imh0dHA6Ly9sb2NhbGhvc3Qvd3AtY29udGVudC91cGxvYWRzLzIwMTgvMDIvaW1nX3RlYW1fMi5qcGciO3M6ODoicG9zaXRpb24iO3M6Mjk6IkJ1c2luZXNzIENvbnN1bHRhbnQgJiBNYW5hZ2VyIjtzOjU6ImVudHJ5IjtzOjIzNDoiR3JhZHVhdGUgZnJvbSB0aGUgVHNod2FuZSB1bml2ZXJzaXR5IG9mIHRlY2hub2xvZ3kgYXMgYSBTb2Z0d2FyZSBkZXZlbG9wZXIsIGEgYnVzaW5lc3MgY29uc3VsdGFudCB3aG8gaGVscHMgbWFuYWdlIHByb2plY3RzIGFuZCBhbHNvIHZhbHVlIGZvciBjbGllbnRzIHdoaWxlIEthYmVsbyBnZXRzIHRoZSBKb2IgZG9uZS4gVGhpcyBpcyBhIGNvbGxlY3RpdmUgZWZmb3J0IGluIGdyb3dpbmcgdGhlIGNvbXBhbnkuIjtzOjEyOiJmYWNlYm9va191cmwiO3M6MDoiIjtzOjExOiJ0d2l0dGVyX3VybCI7czowOiIiO3M6MTI6ImxpbmtlZGluX3VybCI7czowOiIiO3M6MTA6ImdpdGh1Yl91cmwiO3M6MDoiIjtzOjU6ImNvbG9yIjtzOjc6IiMwMDAwMDAiO319,eWVz
MzM1,d2lkZ2V0X2lsbGR5X2hvbWVfcGFyYWxsYXg=,YToxOntzOjEyOiJfbXVsdGl3aWRnZXQiO2k6MTt9,eWVz
MzM2,d2lkZ2V0X2lsbGR5X3Rlc3RpbW9uaWFs,YToxOntzOjEyOiJfbXVsdGl3aWRnZXQiO2k6MTt9,eWVz
MTA4OQ==,YXV0b19jb3JlX3VwZGF0ZV9ub3RpZmllZA==,YTo0OntzOjQ6InR5cGUiO3M6Nzoic3VjY2VzcyI7czo1OiJlbWFpbCI7czoxNzoiZHVtaWljdEBnbWFpbC5jb20iO3M6NzoidmVyc2lvbiI7czo1OiI0LjkuNCI7czo5OiJ0aW1lc3RhbXAiO2k6MTUxODQyMDk5NTt9,bm8=
MTE1MA==,X3RyYW5zaWVudF90dF9mb250X3RoZW1lX29wdGlvbnM=,YTo3OntzOjE1OiJ0dF9kZWZhdWx0X2JvZHkiO2E6Mzk6e3M6Njoic3Vic2V0IjtzOjk6ImxhdGluLGFsbCI7czo3OiJmb250X2lkIjtzOjA6IiI7czo5OiJmb250X25hbWUiO3M6MDoiIjtzOjEwOiJmb250X2NvbG9yIjtzOjA6IiI7czoxMToiZm9udF93ZWlnaHQiO3M6MDoiIjtzOjEwOiJmb250X3N0eWxlIjtzOjA6IiI7czoxNzoiZm9udF93ZWlnaHRfc3R5bGUiO3M6MDoiIjtzOjE2OiJiYWNrZ3JvdW5kX2NvbG9yIjtzOjA6IiI7czoxNDoic3R5bGVzaGVldF91cmwiO3M6MDoiIjtzOjE1OiJ0ZXh0X2RlY29yYXRpb24iO3M6MDoiIjtzOjE0OiJ0ZXh0X3RyYW5zZm9ybSI7czowOiIiO3M6MTE6ImxpbmVfaGVpZ2h0IjtzOjA6IiI7czo3OiJkaXNwbGF5IjtzOjA6IiI7czo5OiJmb250X3NpemUiO2E6Mjp7czo2OiJhbW91bnQiO3M6MDoiIjtzOjQ6InVuaXQiO3M6MjoicHgiO31zOjE0OiJsZXR0ZXJfc3BhY2luZyI7YToyOntzOjY6ImFtb3VudCI7czowOiIiO3M6NDoidW5pdCI7czoyOiJweCI7fXM6MTA6Im1hcmdpbl90b3AiO2E6Mjp7czo2OiJhbW91bnQiO3M6MDoiIjtzOjQ6InVuaXQiO3M6MjoicHgiO31zOjEyOiJtYXJnaW5fcmlnaHQiO2E6Mjp7czo2OiJhbW91bnQiO3M6MDoiIjtzOjQ6InVuaXQiO3M6MjoicHgiO31zOjEzOiJtYXJnaW5fYm90dG9tIjthOjI6e3M6NjoiYW1vdW50IjtzOjA6IiI7czo0OiJ1bml0IjtzOjI6InB4Ijt9czoxMToibWFyZ2luX2xlZnQiO2E6Mjp7czo2OiJhbW91bnQiO3M6MDoiIjtzOjQ6InVuaXQiO3M6MjoicHgiO31zOjExOiJwYWRkaW5nX3RvcCI7YToyOntzOjY6ImFtb3VudCI7czowOiIiO3M6NDoidW5pdCI7czoyOiJweCI7fXM6MTM6InBhZGRpbmdfcmlnaHQiO2E6Mjp7czo2OiJhbW91bnQiO3M6MDoiIjtzOjQ6InVuaXQiO3M6MjoicHgiO31zOjE0OiJwYWRkaW5nX2JvdHRvbSI7YToyOntzOjY6ImFtb3VudCI7czowOiIiO3M6NDoidW5pdCI7czoyOiJweCI7fXM6MTI6InBhZGRpbmdfbGVmdCI7YToyOntzOjY6ImFtb3VudCI7czowOiIiO3M6NDoidW5pdCI7czoyOiJweCI7fXM6MjI6ImJvcmRlcl9yYWRpdXNfdG9wX2xlZnQiO2E6Mjp7czo2OiJhbW91bnQiO3M6MDoiIjtzOjQ6InVuaXQiO3M6MjoicHgiO31zOjIzOiJib3JkZXJfcmFkaXVzX3RvcF9yaWdodCI7YToyOntzOjY6ImFtb3VudCI7czowOiIiO3M6NDoidW5pdCI7czoyOiJweCI7fXM6MjY6ImJvcmRlcl9yYWRpdXNfYm90dG9tX3JpZ2h0IjthOjI6e3M6NjoiYW1vdW50IjtzOjA6IiI7czo0OiJ1bml0IjtzOjI6InB4Ijt9czoyNToiYm9yZGVyX3JhZGl1c19ib3R0b21fbGVmdCI7YToyOntzOjY6ImFtb3VudCI7czowOiIiO3M6NDoidW5pdCI7czoyOiJweCI7fXM6MTY6ImJvcmRlcl90b3BfY29sb3IiO3M6MDoiIjtzOjE2OiJib3JkZXJfdG9wX3N0eWxlIjtzOjA6IiI7czoxNjoiYm9yZGVyX3RvcF93aWR0aCI7YToyOntzOjY6ImFtb3VudCI7czowOiIiO3M6NDoidW5pdCI7czoyOiJweCI7fXM6MTk6ImJvcmRlcl9ib3R0b21fY29sb3IiO3M6MDoiIjtzOjE5OiJib3JkZXJfYm90dG9tX3N0eWxlIjtzOjA6IiI7czoxOToiYm9yZGVyX2JvdHRvbV93aWR0aCI7YToyOntzOjY6ImFtb3VudCI7czowOiIiO3M6NDoidW5pdCI7czoyOiJweCI7fXM6MTc6ImJvcmRlcl9sZWZ0X2NvbG9yIjtzOjA6IiI7czoxNzoiYm9yZGVyX2xlZnRfc3R5bGUiO3M6MDoiIjtzOjE3OiJib3JkZXJfbGVmdF93aWR0aCI7YToyOntzOjY6ImFtb3VudCI7czowOiIiO3M6NDoidW5pdCI7czoyOiJweCI7fXM6MTg6ImJvcmRlcl9yaWdodF9jb2xvciI7czowOiIiO3M6MTg6ImJvcmRlcl9yaWdodF9zdHlsZSI7czowOiIiO3M6MTg6ImJvcmRlcl9yaWdodF93aWR0aCI7YToyOntzOjY6ImFtb3VudCI7czowOiIiO3M6NDoidW5pdCI7czoyOiJweCI7fX1zOjIwOiJ0dF9kZWZhdWx0X2hlYWRpbmdfMSI7YTozOTp7czo2OiJzdWJzZXQiO3M6OToibGF0aW4sYWxsIjtzOjc6ImZvbnRfaWQiO3M6MDoiIjtzOjk6ImZvbnRfbmFtZSI7czowOiIiO3M6MTA6ImZvbnRfY29sb3IiO3M6MDoiIjtzOjExOiJmb250X3dlaWdodCI7czowOiIiO3M6MTA6ImZvbnRfc3R5bGUiO3M6MDoiIjtzOjE3OiJmb250X3dlaWdodF9zdHlsZSI7czowOiIiO3M6MTY6ImJhY2tncm91bmRfY29sb3IiO3M6MDoiIjtzOjE0OiJzdHlsZXNoZWV0X3VybCI7czowOiIiO3M6MTU6InRleHRfZGVjb3JhdGlvbiI7czowOiIiO3M6MTQ6InRleHRfdHJhbnNmb3JtIjtzOjA6IiI7czoxMToibGluZV9oZWlnaHQiO3M6MDoiIjtzOjc6ImRpc3BsYXkiO3M6MDoiIjtzOjk6ImZvbnRfc2l6ZSI7YToyOntzOjY6ImFtb3VudCI7czowOiIiO3M6NDoidW5pdCI7czoyOiJweCI7fXM6MTQ6ImxldHRlcl9zcGFjaW5nIjthOjI6e3M6NjoiYW1vdW50IjtzOjA6IiI7czo0OiJ1bml0IjtzOjI6InB4Ijt9czoxMDoibWFyZ2luX3RvcCI7YToyOntzOjY6ImFtb3VudCI7czowOiIiO3M6NDoidW5pdCI7czoyOiJweCI7fXM6MTI6Im1hcmdpbl9yaWdodCI7YToyOntzOjY6ImFtb3VudCI7czowOiIiO3M6NDoidW5pdCI7czoyOiJweCI7fXM6MTM6Im1hcmdpbl9ib3R0b20iO2E6Mjp7czo2OiJhbW91bnQiO3M6MDoiIjtzOjQ6InVuaXQiO3M6MjoicHgiO31zOjExOiJtYXJnaW5fbGVmdCI7YToyOntzOjY6ImFtb3VudCI7czowOiIiO3M6NDoidW5pdCI7czoyOiJweCI7fXM6MTE6InBhZGRpbmdfdG9wIjthOjI6e3M6NjoiYW1vdW50IjtzOjA6IiI7czo0OiJ1bml0IjtzOjI6InB4Ijt9czoxMzoicGFkZGluZ19yaWdodCI7YToyOntzOjY6ImFtb3VudCI7czowOiIiO3M6NDoidW5pdCI7czoyOiJweCI7fXM6MTQ6InBhZGRpbmdfYm90dG9tIjthOjI6e3M6NjoiYW1vdW50IjtzOjA6IiI7czo0OiJ1bml0IjtzOjI6InB4Ijt9czoxMjoicGFkZGluZ19sZWZ0IjthOjI6e3M6NjoiYW1vdW50IjtzOjA6IiI7czo0OiJ1bml0IjtzOjI6InB4Ijt9czoyMjoiYm9yZGVyX3JhZGl1c190b3BfbGVmdCI7YToyOntzOjY6ImFtb3VudCI7czowOiIiO3M6NDoidW5pdCI7czoyOiJweCI7fXM6MjM6ImJvcmRlcl9yYWRpdXNfdG9wX3JpZ2h0IjthOjI6e3M6NjoiYW1vdW50IjtzOjA6IiI7czo0OiJ1bml0IjtzOjI6InB4Ijt9czoyNjoiYm9yZGVyX3JhZGl1c19ib3R0b21fcmlnaHQiO2E6Mjp7czo2OiJhbW91bnQiO3M6MDoiIjtzOjQ6InVuaXQiO3M6MjoicHgiO31zOjI1OiJib3JkZXJfcmFkaXVzX2JvdHRvbV9sZWZ0IjthOjI6e3M6NjoiYW1vdW50IjtzOjA6IiI7czo0OiJ1bml0IjtzOjI6InB4Ijt9czoxNjoiYm9yZGVyX3RvcF9jb2xvciI7czowOiIiO3M6MTY6ImJvcmRlcl90b3Bfc3R5bGUiO3M6MDoiIjtzOjE2OiJib3JkZXJfdG9wX3dpZHRoIjthOjI6e3M6NjoiYW1vdW50IjtzOjA6IiI7czo0OiJ1bml0IjtzOjI6InB4Ijt9czoxOToiYm9yZGVyX2JvdHRvbV9jb2xvciI7czowOiIiO3M6MTk6ImJvcmRlcl9ib3R0b21fc3R5bGUiO3M6MDoiIjtzOjE5OiJib3JkZXJfYm90dG9tX3dpZHRoIjthOjI6e3M6NjoiYW1vdW50IjtzOjA6IiI7czo0OiJ1bml0IjtzOjI6InB4Ijt9czoxNzoiYm9yZGVyX2xlZnRfY29sb3IiO3M6MDoiIjtzOjE3OiJib3JkZXJfbGVmdF9zdHlsZSI7czowOiIiO3M6MTc6ImJvcmRlcl9sZWZ0X3dpZHRoIjthOjI6e3M6NjoiYW1vdW50IjtzOjA6IiI7czo0OiJ1bml0IjtzOjI6InB4Ijt9czoxODoiYm9yZGVyX3JpZ2h0X2NvbG9yIjtzOjA6IiI7czoxODoiYm9yZGVyX3JpZ2h0X3N0eWxlIjtzOjA6IiI7czoxODoiYm9yZGVyX3JpZ2h0X3dpZHRoIjthOjI6e3M6NjoiYW1vdW50IjtzOjA6IiI7czo0OiJ1bml0IjtzOjI6InB4Ijt9fXM6MjA6InR0X2RlZmF1bHRfaGVhZGluZ18yIjthOjM5OntzOjY6InN1YnNldCI7czo5OiJsYXRpbixhbGwiO3M6NzoiZm9udF9pZCI7czowOiIiO3M6OToiZm9udF9uYW1lIjtzOjA6IiI7czoxMDoiZm9udF9jb2xvciI7czowOiIiO3M6MTE6ImZvbnRfd2VpZ2h0IjtzOjA6IiI7czoxMDoiZm9udF9zdHlsZSI7czowOiIiO3M6MTc6ImZvbnRfd2VpZ2h0X3N0eWxlIjtzOjA6IiI7czoxNjoiYmFja2dyb3VuZF9jb2xvciI7czowOiIiO3M6MTQ6InN0eWxlc2hlZXRfdXJsIjtzOjA6IiI7czoxNToidGV4dF9kZWNvcmF0aW9uIjtzOjA6IiI7czoxNDoidGV4dF90cmFuc2Zvcm0iO3M6MDoiIjtzOjExOiJsaW5lX2hlaWdodCI7czowOiIiO3M6NzoiZGlzcGxheSI7czowOiIiO3M6OToiZm9udF9zaXplIjthOjI6e3M6NjoiYW1vdW50IjtzOjA6IiI7czo0OiJ1bml0IjtzOjI6InB4Ijt9czoxNDoibGV0dGVyX3NwYWNpbmciO2E6Mjp7czo2OiJhbW91bnQiO3M6MDoiIjtzOjQ6InVuaXQiO3M6MjoicHgiO31zOjEwOiJtYXJnaW5fdG9wIjthOjI6e3M6NjoiYW1vdW50IjtzOjA6IiI7czo0OiJ1bml0IjtzOjI6InB4Ijt9czoxMjoibWFyZ2luX3JpZ2h0IjthOjI6e3M6NjoiYW1vdW50IjtzOjA6IiI7czo0OiJ1bml0IjtzOjI6InB4Ijt9czoxMzoibWFyZ2luX2JvdHRvbSI7YToyOntzOjY6ImFtb3VudCI7czowOiIiO3M6NDoidW5pdCI7czoyOiJweCI7fXM6MTE6Im1hcmdpbl9sZWZ0IjthOjI6e3M6NjoiYW1vdW50IjtzOjA6IiI7czo0OiJ1bml0IjtzOjI6InB4Ijt9czoxMToicGFkZGluZ190b3AiO2E6Mjp7czo2OiJhbW91bnQiO3M6MDoiIjtzOjQ6InVuaXQiO3M6MjoicHgiO31zOjEzOiJwYWRkaW5nX3JpZ2h0IjthOjI6e3M6NjoiYW1vdW50IjtzOjA6IiI7czo0OiJ1bml0IjtzOjI6InB4Ijt9czoxNDoicGFkZGluZ19ib3R0b20iO2E6Mjp7czo2OiJhbW91bnQiO3M6MDoiIjtzOjQ6InVuaXQiO3M6MjoicHgiO31zOjEyOiJwYWRkaW5nX2xlZnQiO2E6Mjp7czo2OiJhbW91bnQiO3M6MDoiIjtzOjQ6InVuaXQiO3M6MjoicHgiO31zOjIyOiJib3JkZXJfcmFkaXVzX3RvcF9sZWZ0IjthOjI6e3M6NjoiYW1vdW50IjtzOjA6IiI7czo0OiJ1bml0IjtzOjI6InB4Ijt9czoyMzoiYm9yZGVyX3JhZGl1c190b3BfcmlnaHQiO2E6Mjp7czo2OiJhbW91bnQiO3M6MDoiIjtzOjQ6InVuaXQiO3M6MjoicHgiO31zOjI2OiJib3JkZXJfcmFkaXVzX2JvdHRvbV9yaWdodCI7YToyOntzOjY6ImFtb3VudCI7czowOiIiO3M6NDoidW5pdCI7czoyOiJweCI7fXM6MjU6ImJvcmRlcl9yYWRpdXNfYm90dG9tX2xlZnQiO2E6Mjp7czo2OiJhbW91bnQiO3M6MDoiIjtzOjQ6InVuaXQiO3M6MjoicHgiO31zOjE2OiJib3JkZXJfdG9wX2NvbG9yIjtzOjA6IiI7czoxNjoiYm9yZGVyX3RvcF9zdHlsZSI7czowOiIiO3M6MTY6ImJvcmRlcl90b3Bfd2lkdGgiO2E6Mjp7czo2OiJhbW91bnQiO3M6MDoiIjtzOjQ6InVuaXQiO3M6MjoicHgiO31zOjE5OiJib3JkZXJfYm90dG9tX2NvbG9yIjtzOjA6IiI7czoxOToiYm9yZGVyX2JvdHRvbV9zdHlsZSI7czowOiIiO3M6MTk6ImJvcmRlcl9ib3R0b21fd2lkdGgiO2E6Mjp7czo2OiJhbW91bnQiO3M6MDoiIjtzOjQ6InVuaXQiO3M6MjoicHgiO31zOjE3OiJib3JkZXJfbGVmdF9jb2xvciI7czowOiIiO3M6MTc6ImJvcmRlcl9sZWZ0X3N0eWxlIjtzOjA6IiI7czoxNzoiYm9yZGVyX2xlZnRfd2lkdGgiO2E6Mjp7czo2OiJhbW91bnQiO3M6MDoiIjtzOjQ6InVuaXQiO3M6MjoicHgiO31zOjE4OiJib3JkZXJfcmlnaHRfY29sb3IiO3M6MDoiIjtzOjE4OiJib3JkZXJfcmlnaHRfc3R5bGUiO3M6MDoiIjtzOjE4OiJib3JkZXJfcmlnaHRfd2lkdGgiO2E6Mjp7czo2OiJhbW91bnQiO3M6MDoiIjtzOjQ6InVuaXQiO3M6MjoicHgiO319czoyMDoidHRfZGVmYXVsdF9oZWFkaW5nXzMiO2E6Mzk6e3M6Njoic3Vic2V0IjtzOjk6ImxhdGluLGFsbCI7czo3OiJmb250X2lkIjtzOjA6IiI7czo5OiJmb250X25hbWUiO3M6MDoiIjtzOjEwOiJmb250X2NvbG9yIjtzOjA6IiI7czoxMToiZm9udF93ZWlnaHQiO3M6MDoiIjtzOjEwOiJmb250X3N0eWxlIjtzOjA6IiI7czoxNzoiZm9udF93ZWlnaHRfc3R5bGUiO3M6MDoiIjtzOjE2OiJiYWNrZ3JvdW5kX2NvbG9yIjtzOjA6IiI7czoxNDoic3R5bGVzaGVldF91cmwiO3M6MDoiIjtzOjE1OiJ0ZXh0X2RlY29yYXRpb24iO3M6MDoiIjtzOjE0OiJ0ZXh0X3RyYW5zZm9ybSI7czowOiIiO3M6MTE6ImxpbmVfaGVpZ2h0IjtzOjA6IiI7czo3OiJkaXNwbGF5IjtzOjA6IiI7czo5OiJmb250X3NpemUiO2E6Mjp7czo2OiJhbW91bnQiO3M6MDoiIjtzOjQ6InVuaXQiO3M6MjoicHgiO31zOjE0OiJsZXR0ZXJfc3BhY2luZyI7YToyOntzOjY6ImFtb3VudCI7czowOiIiO3M6NDoidW5pdCI7czoyOiJweCI7fXM6MTA6Im1hcmdpbl90b3AiO2E6Mjp7czo2OiJhbW91bnQiO3M6MDoiIjtzOjQ6InVuaXQiO3M6MjoicHgiO31zOjEyOiJtYXJnaW5fcmlnaHQiO2E6Mjp7czo2OiJhbW91bnQiO3M6MDoiIjtzOjQ6InVuaXQiO3M6MjoicHgiO31zOjEzOiJtYXJnaW5fYm90dG9tIjthOjI6e3M6NjoiYW1vdW50IjtzOjA6IiI7czo0OiJ1bml0IjtzOjI6InB4Ijt9czoxMToibWFyZ2luX2xlZnQiO2E6Mjp7czo2OiJhbW91bnQiO3M6MDoiIjtzOjQ6InVuaXQiO3M6MjoicHgiO31zOjExOiJwYWRkaW5nX3RvcCI7YToyOntzOjY6ImFtb3VudCI7czowOiIiO3M6NDoidW5pdCI7czoyOiJweCI7fXM6MTM6InBhZGRpbmdfcmlnaHQiO2E6Mjp7czo2OiJhbW91bnQiO3M6MDoiIjtzOjQ6InVuaXQiO3M6MjoicHgiO31zOjE0OiJwYWRkaW5nX2JvdHRvbSI7YToyOntzOjY6ImFtb3VudCI7czowOiIiO3M6NDoidW5pdCI7czoyOiJweCI7fXM6MTI6InBhZGRpbmdfbGVmdCI7YToyOntzOjY6ImFtb3VudCI7czowOiIiO3M6NDoidW5pdCI7czoyOiJweCI7fXM6MjI6ImJvcmRlcl9yYWRpdXNfdG9wX2xlZnQiO2E6Mjp7czo2OiJhbW91bnQiO3M6MDoiIjtzOjQ6InVuaXQiO3M6MjoicHgiO31zOjIzOiJib3JkZXJfcmFkaXVzX3RvcF9yaWdodCI7YToyOntzOjY6ImFtb3VudCI7czowOiIiO3M6NDoidW5pdCI7czoyOiJweCI7fXM6MjY6ImJvcmRlcl9yYWRpdXNfYm90dG9tX3JpZ2h0IjthOjI6e3M6NjoiYW1vdW50IjtzOjA6IiI7czo0OiJ1bml0IjtzOjI6InB4Ijt9czoyNToiYm9yZGVyX3JhZGl1c19ib3R0b21fbGVmdCI7YToyOntzOjY6ImFtb3VudCI7czowOiIiO3M6NDoidW5pdCI7czoyOiJweCI7fXM6MTY6ImJvcmRlcl90b3BfY29sb3IiO3M6MDoiIjtzOjE2OiJib3JkZXJfdG9wX3N0eWxlIjtzOjA6IiI7czoxNjoiYm9yZGVyX3RvcF93aWR0aCI7YToyOntzOjY6ImFtb3VudCI7czowOiIiO3M6NDoidW5pdCI7czoyOiJweCI7fXM6MTk6ImJvcmRlcl9ib3R0b21fY29sb3IiO3M6MDoiIjtzOjE5OiJib3JkZXJfYm90dG9tX3N0eWxlIjtzOjA6IiI7czoxOToiYm9yZGVyX2JvdHRvbV93aWR0aCI7YToyOntzOjY6ImFtb3VudCI7czowOiIiO3M6NDoidW5pdCI7czoyOiJweCI7fXM6MTc6ImJvcmRlcl9sZWZ0X2NvbG9yIjtzOjA6IiI7czoxNzoiYm9yZGVyX2xlZnRfc3R5bGUiO3M6MDoiIjtzOjE3OiJib3JkZXJfbGVmdF93aWR0aCI7YToyOntzOjY6ImFtb3VudCI7czowOiIiO3M6NDoidW5pdCI7czoyOiJweCI7fXM6MTg6ImJvcmRlcl9yaWdodF9jb2xvciI7czowOiIiO3M6MTg6ImJvcmRlcl9yaWdodF9zdHlsZSI7czowOiIiO3M6MTg6ImJvcmRlcl9yaWdodF93aWR0aCI7YToyOntzOjY6ImFtb3VudCI7czowOiIiO3M6NDoidW5pdCI7czoyOiJweCI7fX1zOjIwOiJ0dF9kZWZhdWx0X2hlYWRpbmdfNCI7YTozOTp7czo2OiJzdWJzZXQiO3M6OToibGF0aW4sYWxsIjtzOjc6ImZvbnRfaWQiO3M6MDoiIjtzOjk6ImZvbnRfbmFtZSI7czowOiIiO3M6MTA6ImZvbnRfY29sb3IiO3M6MDoiIjtzOjExOiJmb250X3dlaWdodCI7czowOiIiO3M6MTA6ImZvbnRfc3R5bGUiO3M6MDoiIjtzOjE3OiJmb250X3dlaWdodF9zdHlsZSI7czowOiIiO3M6MTY6ImJhY2tncm91bmRfY29sb3IiO3M6MDoiIjtzOjE0OiJzdHlsZXNoZWV0X3VybCI7czowOiIiO3M6MTU6InRleHRfZGVjb3JhdGlvbiI7czowOiIiO3M6MTQ6InRleHRfdHJhbnNmb3JtIjtzOjA6IiI7czoxMToibGluZV9oZWlnaHQiO3M6MDoiIjtzOjc6ImRpc3BsYXkiO3M6MDoiIjtzOjk6ImZvbnRfc2l6ZSI7YToyOntzOjY6ImFtb3VudCI7czowOiIiO3M6NDoidW5pdCI7czoyOiJweCI7fXM6MTQ6ImxldHRlcl9zcGFjaW5nIjthOjI6e3M6NjoiYW1vdW50IjtzOjA6IiI7czo0OiJ1bml0IjtzOjI6InB4Ijt9czoxMDoibWFyZ2luX3RvcCI7YToyOntzOjY6ImFtb3VudCI7czowOiIiO3M6NDoidW5pdCI7czoyOiJweCI7fXM6MTI6Im1hcmdpbl9yaWdodCI7YToyOntzOjY6ImFtb3VudCI7czowOiIiO3M6NDoidW5pdCI7czoyOiJweCI7fXM6MTM6Im1hcmdpbl9ib3R0b20iO2E6Mjp7czo2OiJhbW91bnQiO3M6MDoiIjtzOjQ6InVuaXQiO3M6MjoicHgiO31zOjExOiJtYXJnaW5fbGVmdCI7YToyOntzOjY6ImFtb3VudCI7czowOiIiO3M6NDoidW5pdCI7czoyOiJweCI7fXM6MTE6InBhZGRpbmdfdG9wIjthOjI6e3M6NjoiYW1vdW50IjtzOjA6IiI7czo0OiJ1bml0IjtzOjI6InB4Ijt9czoxMzoicGFkZGluZ19yaWdodCI7YToyOntzOjY6ImFtb3VudCI7czowOiIiO3M6NDoidW5pdCI7czoyOiJweCI7fXM6MTQ6InBhZGRpbmdfYm90dG9tIjthOjI6e3M6NjoiYW1vdW50IjtzOjA6IiI7czo0OiJ1bml0IjtzOjI6InB4Ijt9czoxMjoicGFkZGluZ19sZWZ0IjthOjI6e3M6NjoiYW1vdW50IjtzOjA6IiI7czo0OiJ1bml0IjtzOjI6InB4Ijt9czoyMjoiYm9yZGVyX3JhZGl1c190b3BfbGVmdCI7YToyOntzOjY6ImFtb3VudCI7czowOiIiO3M6NDoidW5pdCI7czoyOiJweCI7fXM6MjM6ImJvcmRlcl9yYWRpdXNfdG9wX3JpZ2h0IjthOjI6e3M6NjoiYW1vdW50IjtzOjA6IiI7czo0OiJ1bml0IjtzOjI6InB4Ijt9czoyNjoiYm9yZGVyX3JhZGl1c19ib3R0b21fcmlnaHQiO2E6Mjp7czo2OiJhbW91bnQiO3M6MDoiIjtzOjQ6InVuaXQiO3M6MjoicHgiO31zOjI1OiJib3JkZXJfcmFkaXVzX2JvdHRvbV9sZWZ0IjthOjI6e3M6NjoiYW1vdW50IjtzOjA6IiI7czo0OiJ1bml0IjtzOjI6InB4Ijt9czoxNjoiYm9yZGVyX3RvcF9jb2xvciI7czowOiIiO3M6MTY6ImJvcmRlcl90b3Bfc3R5bGUiO3M6MDoiIjtzOjE2OiJib3JkZXJfdG9wX3dpZHRoIjthOjI6e3M6NjoiYW1vdW50IjtzOjA6IiI7czo0OiJ1bml0IjtzOjI6InB4Ijt9czoxOToiYm9yZGVyX2JvdHRvbV9jb2xvciI7czowOiIiO3M6MTk6ImJvcmRlcl9ib3R0b21fc3R5bGUiO3M6MDoiIjtzOjE5OiJib3JkZXJfYm90dG9tX3dpZHRoIjthOjI6e3M6NjoiYW1vdW50IjtzOjA6IiI7czo0OiJ1bml0IjtzOjI6InB4Ijt9czoxNzoiYm9yZGVyX2xlZnRfY29sb3IiO3M6MDoiIjtzOjE3OiJib3JkZXJfbGVmdF9zdHlsZSI7czowOiIiO3M6MTc6ImJvcmRlcl9sZWZ0X3dpZHRoIjthOjI6e3M6NjoiYW1vdW50IjtzOjA6IiI7czo0OiJ1bml0IjtzOjI6InB4Ijt9czoxODoiYm9yZGVyX3JpZ2h0X2NvbG9yIjtzOjA6IiI7czoxODoiYm9yZGVyX3JpZ2h0X3N0eWxlIjtzOjA6IiI7czoxODoiYm9yZGVyX3JpZ2h0X3dpZHRoIjthOjI6e3M6NjoiYW1vdW50IjtzOjA6IiI7czo0OiJ1bml0IjtzOjI6InB4Ijt9fXM6MjA6InR0X2RlZmF1bHRfaGVhZGluZ181IjthOjM5OntzOjY6InN1YnNldCI7czo5OiJsYXRpbixhbGwiO3M6NzoiZm9udF9pZCI7czowOiIiO3M6OToiZm9udF9uYW1lIjtzOjA6IiI7czoxMDoiZm9udF9jb2xvciI7czowOiIiO3M6MTE6ImZvbnRfd2VpZ2h0IjtzOjA6IiI7czoxMDoiZm9udF9zdHlsZSI7czowOiIiO3M6MTc6ImZvbnRfd2VpZ2h0X3N0eWxlIjtzOjA6IiI7czoxNjoiYmFja2dyb3VuZF9jb2xvciI7czowOiIiO3M6MTQ6InN0eWxlc2hlZXRfdXJsIjtzOjA6IiI7czoxNToidGV4dF9kZWNvcmF0aW9uIjtzOjA6IiI7czoxNDoidGV4dF90cmFuc2Zvcm0iO3M6MDoiIjtzOjExOiJsaW5lX2hlaWdodCI7czowOiIiO3M6NzoiZGlzcGxheSI7czowOiIiO3M6OToiZm9udF9zaXplIjthOjI6e3M6NjoiYW1vdW50IjtzOjA6IiI7czo0OiJ1bml0IjtzOjI6InB4Ijt9czoxNDoibGV0dGVyX3NwYWNpbmciO2E6Mjp7czo2OiJhbW91bnQiO3M6MDoiIjtzOjQ6InVuaXQiO3M6MjoicHgiO31zOjEwOiJtYXJnaW5fdG9wIjthOjI6e3M6NjoiYW1vdW50IjtzOjA6IiI7czo0OiJ1bml0IjtzOjI6InB4Ijt9czoxMjoibWFyZ2luX3JpZ2h0IjthOjI6e3M6NjoiYW1vdW50IjtzOjA6IiI7czo0OiJ1bml0IjtzOjI6InB4Ijt9czoxMzoibWFyZ2luX2JvdHRvbSI7YToyOntzOjY6ImFtb3VudCI7czowOiIiO3M6NDoidW5pdCI7czoyOiJweCI7fXM6MTE6Im1hcmdpbl9sZWZ0IjthOjI6e3M6NjoiYW1vdW50IjtzOjA6IiI7czo0OiJ1bml0IjtzOjI6InB4Ijt9czoxMToicGFkZGluZ190b3AiO2E6Mjp7czo2OiJhbW91bnQiO3M6MDoiIjtzOjQ6InVuaXQiO3M6MjoicHgiO31zOjEzOiJwYWRkaW5nX3JpZ2h0IjthOjI6e3M6NjoiYW1vdW50IjtzOjA6IiI7czo0OiJ1bml0IjtzOjI6InB4Ijt9czoxNDoicGFkZGluZ19ib3R0b20iO2E6Mjp7czo2OiJhbW91bnQiO3M6MDoiIjtzOjQ6InVuaXQiO3M6MjoicHgiO31zOjEyOiJwYWRkaW5nX2xlZnQiO2E6Mjp7czo2OiJhbW91bnQiO3M6MDoiIjtzOjQ6InVuaXQiO3M6MjoicHgiO31zOjIyOiJib3JkZXJfcmFkaXVzX3RvcF9sZWZ0IjthOjI6e3M6NjoiYW1vdW50IjtzOjA6IiI7czo0OiJ1bml0IjtzOjI6InB4Ijt9czoyMzoiYm9yZGVyX3JhZGl1c190b3BfcmlnaHQiO2E6Mjp7czo2OiJhbW91bnQiO3M6MDoiIjtzOjQ6InVuaXQiO3M6MjoicHgiO31zOjI2OiJib3JkZXJfcmFkaXVzX2JvdHRvbV9yaWdodCI7YToyOntzOjY6ImFtb3VudCI7czowOiIiO3M6NDoidW5pdCI7czoyOiJweCI7fXM6MjU6ImJvcmRlcl9yYWRpdXNfYm90dG9tX2xlZnQiO2E6Mjp7czo2OiJhbW91bnQiO3M6MDoiIjtzOjQ6InVuaXQiO3M6MjoicHgiO31zOjE2OiJib3JkZXJfdG9wX2NvbG9yIjtzOjA6IiI7czoxNjoiYm9yZGVyX3RvcF9zdHlsZSI7czowOiIiO3M6MTY6ImJvcmRlcl90b3Bfd2lkdGgiO2E6Mjp7czo2OiJhbW91bnQiO3M6MDoiIjtzOjQ6InVuaXQiO3M6MjoicHgiO31zOjE5OiJib3JkZXJfYm90dG9tX2NvbG9yIjtzOjA6IiI7czoxOToiYm9yZGVyX2JvdHRvbV9zdHlsZSI7czowOiIiO3M6MTk6ImJvcmRlcl9ib3R0b21fd2lkdGgiO2E6Mjp7czo2OiJhbW91bnQiO3M6MDoiIjtzOjQ6InVuaXQiO3M6MjoicHgiO31zOjE3OiJib3JkZXJfbGVmdF9jb2xvciI7czowOiIiO3M6MTc6ImJvcmRlcl9sZWZ0X3N0eWxlIjtzOjA6IiI7czoxNzoiYm9yZGVyX2xlZnRfd2lkdGgiO2E6Mjp7czo2OiJhbW91bnQiO3M6MDoiIjtzOjQ6InVuaXQiO3M6MjoicHgiO31zOjE4OiJib3JkZXJfcmlnaHRfY29sb3IiO3M6MDoiIjtzOjE4OiJib3JkZXJfcmlnaHRfc3R5bGUiO3M6MDoiIjtzOjE4OiJib3JkZXJfcmlnaHRfd2lkdGgiO2E6Mjp7czo2OiJhbW91bnQiO3M6MDoiIjtzOjQ6InVuaXQiO3M6MjoicHgiO319czoyMDoidHRfZGVmYXVsdF9oZWFkaW5nXzYiO2E6Mzk6e3M6Njoic3Vic2V0IjtzOjk6ImxhdGluLGFsbCI7czo3OiJmb250X2lkIjtzOjA6IiI7czo5OiJmb250X25hbWUiO3M6MDoiIjtzOjEwOiJmb250X2NvbG9yIjtzOjA6IiI7czoxMToiZm9udF93ZWlnaHQiO3M6MDoiIjtzOjEwOiJmb250X3N0eWxlIjtzOjA6IiI7czoxNzoiZm9udF93ZWlnaHRfc3R5bGUiO3M6MDoiIjtzOjE2OiJiYWNrZ3JvdW5kX2NvbG9yIjtzOjA6IiI7czoxNDoic3R5bGVzaGVldF91cmwiO3M6MDoiIjtzOjE1OiJ0ZXh0X2RlY29yYXRpb24iO3M6MDoiIjtzOjE0OiJ0ZXh0X3RyYW5zZm9ybSI7czowOiIiO3M6MTE6ImxpbmVfaGVpZ2h0IjtzOjA6IiI7czo3OiJkaXNwbGF5IjtzOjA6IiI7czo5OiJmb250X3NpemUiO2E6Mjp7czo2OiJhbW91bnQiO3M6MDoiIjtzOjQ6InVuaXQiO3M6MjoicHgiO31zOjE0OiJsZXR0ZXJfc3BhY2luZyI7YToyOntzOjY6ImFtb3VudCI7czowOiIiO3M6NDoidW5pdCI7czoyOiJweCI7fXM6MTA6Im1hcmdpbl90b3AiO2E6Mjp7czo2OiJhbW91bnQiO3M6MDoiIjtzOjQ6InVuaXQiO3M6MjoicHgiO31zOjEyOiJtYXJnaW5fcmlnaHQiO2E6Mjp7czo2OiJhbW91bnQiO3M6MDoiIjtzOjQ6InVuaXQiO3M6MjoicHgiO31zOjEzOiJtYXJnaW5fYm90dG9tIjthOjI6e3M6NjoiYW1vdW50IjtzOjA6IiI7czo0OiJ1bml0IjtzOjI6InB4Ijt9czoxMToibWFyZ2luX2xlZnQiO2E6Mjp7czo2OiJhbW91bnQiO3M6MDoiIjtzOjQ6InVuaXQiO3M6MjoicHgiO31zOjExOiJwYWRkaW5nX3RvcCI7YToyOntzOjY6ImFtb3VudCI7czowOiIiO3M6NDoidW5pdCI7czoyOiJweCI7fXM6MTM6InBhZGRpbmdfcmlnaHQiO2E6Mjp7czo2OiJhbW91bnQiO3M6MDoiIjtzOjQ6InVuaXQiO3M6MjoicHgiO31zOjE0OiJwYWRkaW5nX2JvdHRvbSI7YToyOntzOjY6ImFtb3VudCI7czowOiIiO3M6NDoidW5pdCI7czoyOiJweCI7fXM6MTI6InBhZGRpbmdfbGVmdCI7YToyOntzOjY6ImFtb3VudCI7czowOiIiO3M6NDoidW5pdCI7czoyOiJweCI7fXM6MjI6ImJvcmRlcl9yYWRpdXNfdG9wX2xlZnQiO2E6Mjp7czo2OiJhbW91bnQiO3M6MDoiIjtzOjQ6InVuaXQiO3M6MjoicHgiO31zOjIzOiJib3JkZXJfcmFkaXVzX3RvcF9yaWdodCI7YToyOntzOjY6ImFtb3VudCI7czowOiIiO3M6NDoidW5pdCI7czoyOiJweCI7fXM6MjY6ImJvcmRlcl9yYWRpdXNfYm90dG9tX3JpZ2h0IjthOjI6e3M6NjoiYW1vdW50IjtzOjA6IiI7czo0OiJ1bml0IjtzOjI6InB4Ijt9czoyNToiYm9yZGVyX3JhZGl1c19ib3R0b21fbGVmdCI7YToyOntzOjY6ImFtb3VudCI7czowOiIiO3M6NDoidW5pdCI7czoyOiJweCI7fXM6MTY6ImJvcmRlcl90b3BfY29sb3IiO3M6MDoiIjtzOjE2OiJib3JkZXJfdG9wX3N0eWxlIjtzOjA6IiI7czoxNjoiYm9yZGVyX3RvcF93aWR0aCI7YToyOntzOjY6ImFtb3VudCI7czowOiIiO3M6NDoidW5pdCI7czoyOiJweCI7fXM6MTk6ImJvcmRlcl9ib3R0b21fY29sb3IiO3M6MDoiIjtzOjE5OiJib3JkZXJfYm90dG9tX3N0eWxlIjtzOjA6IiI7czoxOToiYm9yZGVyX2JvdHRvbV93aWR0aCI7YToyOntzOjY6ImFtb3VudCI7czowOiIiO3M6NDoidW5pdCI7czoyOiJweCI7fXM6MTc6ImJvcmRlcl9sZWZ0X2NvbG9yIjtzOjA6IiI7czoxNzoiYm9yZGVyX2xlZnRfc3R5bGUiO3M6MDoiIjtzOjE3OiJib3JkZXJfbGVmdF93aWR0aCI7YToyOntzOjY6ImFtb3VudCI7czowOiIiO3M6NDoidW5pdCI7czoyOiJweCI7fXM6MTg6ImJvcmRlcl9yaWdodF9jb2xvciI7czowOiIiO3M6MTg6ImJvcmRlcl9yaWdodF9zdHlsZSI7czowOiIiO3M6MTg6ImJvcmRlcl9yaWdodF93aWR0aCI7YToyOntzOjY6ImFtb3VudCI7czowOiIiO3M6NDoidW5pdCI7czoyOiJweCI7fX19,eWVz
MTE1Mg==,X3RyYW5zaWVudF9pc19tdWx0aV9hdXRob3I=,MA==,eWVz
MTE2OA==,X3NpdGVfdHJhbnNpZW50X3VwZGF0ZV9jb3Jl,Tzo4OiJzdGRDbGFzcyI6NDp7czo3OiJ1cGRhdGVzIjthOjE6e2k6MDtPOjg6InN0ZENsYXNzIjoxMDp7czo4OiJyZXNwb25zZSI7czo2OiJsYXRlc3QiO3M6ODoiZG93bmxvYWQiO3M6NTk6Imh0dHBzOi8vZG93bmxvYWRzLndvcmRwcmVzcy5vcmcvcmVsZWFzZS93b3JkcHJlc3MtNC45LjQuemlwIjtzOjY6ImxvY2FsZSI7czo1OiJlbl9VUyI7czo4OiJwYWNrYWdlcyI7Tzo4OiJzdGRDbGFzcyI6NTp7czo0OiJmdWxsIjtzOjU5OiJodHRwczovL2Rvd25sb2Fkcy53b3JkcHJlc3Mub3JnL3JlbGVhc2Uvd29yZHByZXNzLTQuOS40LnppcCI7czoxMDoibm9fY29udGVudCI7czo3MDoiaHR0cHM6Ly9kb3dubG9hZHMud29yZHByZXNzLm9yZy9yZWxlYXNlL3dvcmRwcmVzcy00LjkuNC1uby1jb250ZW50LnppcCI7czoxMToibmV3X2J1bmRsZWQiO3M6NzE6Imh0dHBzOi8vZG93bmxvYWRzLndvcmRwcmVzcy5vcmcvcmVsZWFzZS93b3JkcHJlc3MtNC45LjQtbmV3LWJ1bmRsZWQuemlwIjtzOjc6InBhcnRpYWwiO2I6MDtzOjg6InJvbGxiYWNrIjtiOjA7fXM6NzoiY3VycmVudCI7czo1OiI0LjkuNCI7czo3OiJ2ZXJzaW9uIjtzOjU6IjQuOS40IjtzOjExOiJwaHBfdmVyc2lvbiI7czo1OiI1LjIuNCI7czoxMzoibXlzcWxfdmVyc2lvbiI7czozOiI1LjAiO3M6MTE6Im5ld19idW5kbGVkIjtzOjM6IjQuNyI7czoxNToicGFydGlhbF92ZXJzaW9uIjtzOjA6IiI7fX1zOjEyOiJsYXN0X2NoZWNrZWQiO2k6MTUyMDIzOTMzODtzOjE1OiJ2ZXJzaW9uX2NoZWNrZWQiO3M6NToiNC45LjQiO3M6MTI6InRyYW5zbGF0aW9ucyI7YTowOnt9fQ==,bm8=
MTI2NQ==,d3Atc211c2gtaGlkZV91cGdyYWRlX25vdGljZQ==,MQ==,bm8=
MjI2Mg==,X3NpdGVfdHJhbnNpZW50X3RpbWVvdXRfYnJvd3Nlcl80OWRhNTdlYWM3Zjg0MDUyMmZlZjJiODZlODgzY2ZmYQ==,MTUyMDcxMDA3MQ==,bm8=
MjI2Mw==,X3NpdGVfdHJhbnNpZW50X2Jyb3dzZXJfNDlkYTU3ZWFjN2Y4NDA1MjJmZWYyYjg2ZTg4M2NmZmE=,YToxMDp7czo0OiJuYW1lIjtzOjY6IkNocm9tZSI7czo3OiJ2ZXJzaW9uIjtzOjEzOiI2NC4wLjMyODIuMTg2IjtzOjg6InBsYXRmb3JtIjtzOjc6IldpbmRvd3MiO3M6MTA6InVwZGF0ZV91cmwiO3M6Mjk6Imh0dHBzOi8vd3d3Lmdvb2dsZS5jb20vY2hyb21lIjtzOjc6ImltZ19zcmMiO3M6NDM6Imh0dHA6Ly9zLncub3JnL2ltYWdlcy9icm93c2Vycy9jaHJvbWUucG5nPzEiO3M6MTE6ImltZ19zcmNfc3NsIjtzOjQ0OiJodHRwczovL3Mudy5vcmcvaW1hZ2VzL2Jyb3dzZXJzL2Nocm9tZS5wbmc/MSI7czoxNToiY3VycmVudF92ZXJzaW9uIjtzOjI6IjE4IjtzOjc6InVwZ3JhZGUiO2I6MDtzOjg6Imluc2VjdXJlIjtiOjA7czo2OiJtb2JpbGUiO2I6MDt9,bm8=
MjU2NA==,X3NpdGVfdHJhbnNpZW50X3RpbWVvdXRfdGhlbWVfcm9vdHM=,MTUyMDI0MTE0MQ==,bm8=
MjU2NQ==,X3NpdGVfdHJhbnNpZW50X3RoZW1lX3Jvb3Rz,YTo4OntzOjU6ImlsbGR5IjtzOjc6Ii90aGVtZXMiO3M6NDoia2FsZSI7czo3OiIvdGhlbWVzIjtzOjE2OiJvbmUtcGFnZS1leHByZXNzIjtzOjc6Ii90aGVtZXMiO3M6ODoib25lcHJlc3MiO3M6NzoiL3RoZW1lcyI7czo2OiJzeWRuZXkiO3M6NzoiL3RoZW1lcyI7czoxMzoidHdlbnR5ZmlmdGVlbiI7czo3OiIvdGhlbWVzIjtzOjE1OiJ0d2VudHlzZXZlbnRlZW4iO3M6NzoiL3RoZW1lcyI7czoxMzoidHdlbnR5c2l4dGVlbiI7czo3OiIvdGhlbWVzIjt9,bm8=
MjU2Ng==,X3NpdGVfdHJhbnNpZW50X3VwZGF0ZV90aGVtZXM=,Tzo4OiJzdGRDbGFzcyI6NDp7czoxMjoibGFzdF9jaGVja2VkIjtpOjE1MjAyMzkzNDQ7czo3OiJjaGVja2VkIjthOjg6e3M6NToiaWxsZHkiO3M6NToiMi4wLjUiO3M6NDoia2FsZSI7czo1OiIyLjEuMSI7czoxNjoib25lLXBhZ2UtZXhwcmVzcyI7czo2OiIxLjAuMTIiO3M6ODoib25lcHJlc3MiO3M6NToiMi4wLjIiO3M6Njoic3lkbmV5IjtzOjQ6IjEuNDMiO3M6MTM6InR3ZW50eWZpZnRlZW4iO3M6MzoiMS45IjtzOjE1OiJ0d2VudHlzZXZlbnRlZW4iO3M6MzoiMS40IjtzOjEzOiJ0d2VudHlzaXh0ZWVuIjtzOjM6IjEuNCI7fXM6ODoicmVzcG9uc2UiO2E6Mjp7czo4OiJvbmVwcmVzcyI7YTo0OntzOjU6InRoZW1lIjtzOjg6Im9uZXByZXNzIjtzOjExOiJuZXdfdmVyc2lvbiI7czo1OiIyLjAuNCI7czozOiJ1cmwiO3M6Mzg6Imh0dHBzOi8vd29yZHByZXNzLm9yZy90aGVtZXMvb25lcHJlc3MvIjtzOjc6InBhY2thZ2UiO3M6NTY6Imh0dHBzOi8vZG93bmxvYWRzLndvcmRwcmVzcy5vcmcvdGhlbWUvb25lcHJlc3MuMi4wLjQuemlwIjt9czo2OiJzeWRuZXkiO2E6NDp7czo1OiJ0aGVtZSI7czo2OiJzeWRuZXkiO3M6MTE6Im5ld192ZXJzaW9uIjtzOjQ6IjEuNDUiO3M6MzoidXJsIjtzOjM2OiJodHRwczovL3dvcmRwcmVzcy5vcmcvdGhlbWVzL3N5ZG5leS8iO3M6NzoicGFja2FnZSI7czo1MzoiaHR0cHM6Ly9kb3dubG9hZHMud29yZHByZXNzLm9yZy90aGVtZS9zeWRuZXkuMS40NS56aXAiO319czoxMjoidHJhbnNsYXRpb25zIjthOjA6e319,bm8=
MjU2Nw==,X3NpdGVfdHJhbnNpZW50X3VwZGF0ZV9wbHVnaW5z,Tzo4OiJzdGRDbGFzcyI6NTp7czoxMjoibGFzdF9jaGVja2VkIjtpOjE1MjAyMzkzNDY7czo3OiJjaGVja2VkIjthOjE3OntzOjE5OiJha2lzbWV0L2FraXNtZXQucGhwIjtzOjU6IjQuMC4yIjtzOjI5OiJiYWNrdXBTcGhlcmUvYmFja3VwU3BoZXJlLnBocCI7czozOiIxLjAiO3M6NTk6ImJsYWNrLXN0dWRpby10aW55bWNlLXdpZGdldC9ibGFjay1zdHVkaW8tdGlueW1jZS13aWRnZXQucGhwIjtzOjU6IjIuNi4xIjtzOjM2OiJjb250YWN0LWZvcm0tNy93cC1jb250YWN0LWZvcm0tNy5waHAiO3M6MzoiNS4wIjtzOjM1OiJjb250YWN0LXdpZGdldHMvY29udGFjdC13aWRnZXRzLnBocCI7czo1OiIxLjQuMSI7czoyNzoid3AtY3Jvbi1qb2Ivd3AtY3Jvbi1qb2IucGhwIjtzOjM6IjEuMCI7czozOToiZWFzeS1nb29nbGUtZm9udHMvZWFzeS1nb29nbGUtZm9udHMucGhwIjtzOjU6IjEuNC4zIjtzOjM1OiJmaWxlc3lzdGVtLWRlbW8vZmlsZXN5c3RlbS1kZW1vLnBocCI7czozOiIxLjAiO3M6OToiaGVsbG8ucGhwIjtzOjM6IjEuNiI7czozNToiaWxsZHktY29tcGFuaW9uL2lsbGR5LWNvbXBhbmlvbi5waHAiO3M6NToiMi4wLjUiO3M6Mzc6Im15LWZhY2Vib29rLXRhZ3MvbXktZmFjZWJvb2stdGFncy5waHAiO3M6NToiMS4wLjAiO3M6Mzk6InNpdGVvcmlnaW4tcGFuZWxzL3NpdGVvcmlnaW4tcGFuZWxzLnBocCI7czo1OiIyLjYuMiI7czozOToic28td2lkZ2V0cy1idW5kbGUvc28td2lkZ2V0cy1idW5kbGUucGhwIjtzOjY6IjEuMTEuMyI7czoxNjoic3BhY2VyL2luZGV4LnBocCI7czo1OiIzLjAuNCI7czozMToidGl0bGUtcmVtb3Zlci90aXRsZS1yZW1vdmVyLnBocCI7czozOiIxLjEiO3M6Mzc6IndvcmRwcmVzcy1kYXRhYmFzZS1yZXNldC93cC1yZXNldC5waHAiO3M6NToiMy4wLjIiO3M6MjM6IndwLXNtdXNoaXQvd3Atc211c2gucGhwIjtzOjU6IjIuNy42Ijt9czo4OiJyZXNwb25zZSI7YTo1OntzOjE5OiJha2lzbWV0L2FraXNtZXQucGhwIjtPOjg6InN0ZENsYXNzIjoxMTp7czoyOiJpZCI7czoyMToidy5vcmcvcGx1Z2lucy9ha2lzbWV0IjtzOjQ6InNsdWciO3M6NzoiYWtpc21ldCI7czo2OiJwbHVnaW4iO3M6MTk6ImFraXNtZXQvYWtpc21ldC5waHAiO3M6MTE6Im5ld192ZXJzaW9uIjtzOjU6IjQuMC4zIjtzOjM6InVybCI7czozODoiaHR0cHM6Ly93b3JkcHJlc3Mub3JnL3BsdWdpbnMvYWtpc21ldC8iO3M6NzoicGFja2FnZSI7czo1NjoiaHR0cHM6Ly9kb3dubG9hZHMud29yZHByZXNzLm9yZy9wbHVnaW4vYWtpc21ldC40LjAuMy56aXAiO3M6NToiaWNvbnMiO2E6Mzp7czoyOiIxeCI7czo1OToiaHR0cHM6Ly9wcy53Lm9yZy9ha2lzbWV0L2Fzc2V0cy9pY29uLTEyOHgxMjgucG5nP3Jldj05NjkyNzIiO3M6MjoiMngiO3M6NTk6Imh0dHBzOi8vcHMudy5vcmcvYWtpc21ldC9hc3NldHMvaWNvbi0yNTZ4MjU2LnBuZz9yZXY9OTY5MjcyIjtzOjc6ImRlZmF1bHQiO3M6NTk6Imh0dHBzOi8vcHMudy5vcmcvYWtpc21ldC9hc3NldHMvaWNvbi0yNTZ4MjU2LnBuZz9yZXY9OTY5MjcyIjt9czo3OiJiYW5uZXJzIjthOjI6e3M6MjoiMXgiO3M6NjE6Imh0dHBzOi8vcHMudy5vcmcvYWtpc21ldC9hc3NldHMvYmFubmVyLTc3MngyNTAuanBnP3Jldj00Nzk5MDQiO3M6NzoiZGVmYXVsdCI7czo2MToiaHR0cHM6Ly9wcy53Lm9yZy9ha2lzbWV0L2Fzc2V0cy9iYW5uZXItNzcyeDI1MC5qcGc/cmV2PTQ3OTkwNCI7fXM6MTE6ImJhbm5lcnNfcnRsIjthOjA6e31zOjY6InRlc3RlZCI7czo1OiI0LjkuNCI7czoxMzoiY29tcGF0aWJpbGl0eSI7Tzo4OiJzdGRDbGFzcyI6MDp7fX1zOjU5OiJibGFjay1zdHVkaW8tdGlueW1jZS13aWRnZXQvYmxhY2stc3R1ZGlvLXRpbnltY2Utd2lkZ2V0LnBocCI7Tzo4OiJzdGRDbGFzcyI6MTI6e3M6MjoiaWQiO3M6NDE6Incub3JnL3BsdWdpbnMvYmxhY2stc3R1ZGlvLXRpbnltY2Utd2lkZ2V0IjtzOjQ6InNsdWciO3M6Mjc6ImJsYWNrLXN0dWRpby10aW55bWNlLXdpZGdldCI7czo2OiJwbHVnaW4iO3M6NTk6ImJsYWNrLXN0dWRpby10aW55bWNlLXdpZGdldC9ibGFjay1zdHVkaW8tdGlueW1jZS13aWRnZXQucGhwIjtzOjExOiJuZXdfdmVyc2lvbiI7czo1OiIyLjYuMiI7czozOiJ1cmwiO3M6NTg6Imh0dHBzOi8vd29yZHByZXNzLm9yZy9wbHVnaW5zL2JsYWNrLXN0dWRpby10aW55bWNlLXdpZGdldC8iO3M6NzoicGFja2FnZSI7czo3NjoiaHR0cHM6Ly9kb3dubG9hZHMud29yZHByZXNzLm9yZy9wbHVnaW4vYmxhY2stc3R1ZGlvLXRpbnltY2Utd2lkZ2V0LjIuNi4yLnppcCI7czo1OiJpY29ucyI7YTozOntzOjI6IjF4IjtzOjgwOiJodHRwczovL3BzLncub3JnL2JsYWNrLXN0dWRpby10aW55bWNlLXdpZGdldC9hc3NldHMvaWNvbi0xMjh4MTI4LnBuZz9yZXY9MTAwMjc3NCI7czoyOiIyeCI7czo4MDoiaHR0cHM6Ly9wcy53Lm9yZy9ibGFjay1zdHVkaW8tdGlueW1jZS13aWRnZXQvYXNzZXRzL2ljb24tMjU2eDI1Ni5wbmc/cmV2PTEwMDI3NzQiO3M6NzoiZGVmYXVsdCI7czo4MDoiaHR0cHM6Ly9wcy53Lm9yZy9ibGFjay1zdHVkaW8tdGlueW1jZS13aWRnZXQvYXNzZXRzL2ljb24tMjU2eDI1Ni5wbmc/cmV2PTEwMDI3NzQiO31zOjc6ImJhbm5lcnMiO2E6Mzp7czoyOiIyeCI7czo4MzoiaHR0cHM6Ly9wcy53Lm9yZy9ibGFjay1zdHVkaW8tdGlueW1jZS13aWRnZXQvYXNzZXRzL2Jhbm5lci0xNTQ0eDUwMC5wbmc/cmV2PTEwMDI3NzQiO3M6MjoiMXgiO3M6ODI6Imh0dHBzOi8vcHMudy5vcmcvYmxhY2stc3R1ZGlvLXRpbnltY2Utd2lkZ2V0L2Fzc2V0cy9iYW5uZXItNzcyeDI1MC5wbmc/cmV2PTEwMDI3NzQiO3M6NzoiZGVmYXVsdCI7czo4MzoiaHR0cHM6Ly9wcy53Lm9yZy9ibGFjay1zdHVkaW8tdGlueW1jZS13aWRnZXQvYXNzZXRzL2Jhbm5lci0xNTQ0eDUwMC5wbmc/cmV2PTEwMDI3NzQiO31zOjExOiJiYW5uZXJzX3J0bCI7YTowOnt9czoxNDoidXBncmFkZV9ub3RpY2UiO3M6MTkzOiI8cD5JZiB5b3UmIzAzOTtyZSB1c2luZyBXUE1MLCBkb3VibGUgY2hlY2sgb3VyIEZBUSwgYXMgdmVyc2lvbiAyLjYgaW50cm9kdWNlZCBzb21lIGNoYW5nZXMgcmVnYXJkaW5nIHdpZGdldHMgdHJhbnNsYXRpb25zLgpJbXBvcnRhbnQ6IEFsd2F5cyBlbnN1cmUgdG8gYmFja3VwIHlvdXIgZGF0YWJhc2UgYmVmb3JlIHVwZ3JhZGluZy48L3A+IjtzOjY6InRlc3RlZCI7czo1OiI0LjkuNCI7czoxMzoiY29tcGF0aWJpbGl0eSI7Tzo4OiJzdGRDbGFzcyI6MDp7fX1zOjM2OiJjb250YWN0LWZvcm0tNy93cC1jb250YWN0LWZvcm0tNy5waHAiO086ODoic3RkQ2xhc3MiOjExOntzOjI6ImlkIjtzOjI4OiJ3Lm9yZy9wbHVnaW5zL2NvbnRhY3QtZm9ybS03IjtzOjQ6InNsdWciO3M6MTQ6ImNvbnRhY3QtZm9ybS03IjtzOjY6InBsdWdpbiI7czozNjoiY29udGFjdC1mb3JtLTcvd3AtY29udGFjdC1mb3JtLTcucGhwIjtzOjExOiJuZXdfdmVyc2lvbiI7czo1OiI1LjAuMSI7czozOiJ1cmwiO3M6NDU6Imh0dHBzOi8vd29yZHByZXNzLm9yZy9wbHVnaW5zL2NvbnRhY3QtZm9ybS03LyI7czo3OiJwYWNrYWdlIjtzOjYzOiJodHRwczovL2Rvd25sb2Fkcy53b3JkcHJlc3Mub3JnL3BsdWdpbi9jb250YWN0LWZvcm0tNy41LjAuMS56aXAiO3M6NToiaWNvbnMiO2E6Mzp7czoyOiIxeCI7czo2NjoiaHR0cHM6Ly9wcy53Lm9yZy9jb250YWN0LWZvcm0tNy9hc3NldHMvaWNvbi0xMjh4MTI4LnBuZz9yZXY9OTg0MDA3IjtzOjI6IjJ4IjtzOjY2OiJodHRwczovL3BzLncub3JnL2NvbnRhY3QtZm9ybS03L2Fzc2V0cy9pY29uLTI1NngyNTYucG5nP3Jldj05ODQwMDciO3M6NzoiZGVmYXVsdCI7czo2NjoiaHR0cHM6Ly9wcy53Lm9yZy9jb250YWN0LWZvcm0tNy9hc3NldHMvaWNvbi0yNTZ4MjU2LnBuZz9yZXY9OTg0MDA3Ijt9czo3OiJiYW5uZXJzIjthOjM6e3M6MjoiMngiO3M6Njk6Imh0dHBzOi8vcHMudy5vcmcvY29udGFjdC1mb3JtLTcvYXNzZXRzL2Jhbm5lci0xNTQ0eDUwMC5wbmc/cmV2PTg2MDkwMSI7czoyOiIxeCI7czo2ODoiaHR0cHM6Ly9wcy53Lm9yZy9jb250YWN0LWZvcm0tNy9hc3NldHMvYmFubmVyLTc3MngyNTAucG5nP3Jldj04ODA0MjciO3M6NzoiZGVmYXVsdCI7czo2OToiaHR0cHM6Ly9wcy53Lm9yZy9jb250YWN0LWZvcm0tNy9hc3NldHMvYmFubmVyLTE1NDR4NTAwLnBuZz9yZXY9ODYwOTAxIjt9czoxMToiYmFubmVyc19ydGwiO2E6MDp7fXM6NjoidGVzdGVkIjtzOjU6IjQuOS40IjtzOjEzOiJjb21wYXRpYmlsaXR5IjtPOjg6InN0ZENsYXNzIjowOnt9fXM6Mzk6InNvLXdpZGdldHMtYnVuZGxlL3NvLXdpZGdldHMtYnVuZGxlLnBocCI7Tzo4OiJzdGRDbGFzcyI6MTE6e3M6MjoiaWQiO3M6MzE6Incub3JnL3BsdWdpbnMvc28td2lkZ2V0cy1idW5kbGUiO3M6NDoic2x1ZyI7czoxNzoic28td2lkZ2V0cy1idW5kbGUiO3M6NjoicGx1Z2luIjtzOjM5OiJzby13aWRnZXRzLWJ1bmRsZS9zby13aWRnZXRzLWJ1bmRsZS5waHAiO3M6MTE6Im5ld192ZXJzaW9uIjtzOjY6IjEuMTEuNCI7czozOiJ1cmwiO3M6NDg6Imh0dHBzOi8vd29yZHByZXNzLm9yZy9wbHVnaW5zL3NvLXdpZGdldHMtYnVuZGxlLyI7czo3OiJwYWNrYWdlIjtzOjY3OiJodHRwczovL2Rvd25sb2Fkcy53b3JkcHJlc3Mub3JnL3BsdWdpbi9zby13aWRnZXRzLWJ1bmRsZS4xLjExLjQuemlwIjtzOjU6Imljb25zIjthOjM6e3M6MjoiMXgiO3M6NzA6Imh0dHBzOi8vcHMudy5vcmcvc28td2lkZ2V0cy1idW5kbGUvYXNzZXRzL2ljb24tMTI4eDEyOC5wbmc/cmV2PTEwNDQ5NDIiO3M6MjoiMngiO3M6NzA6Imh0dHBzOi8vcHMudy5vcmcvc28td2lkZ2V0cy1idW5kbGUvYXNzZXRzL2ljb24tMjU2eDI1Ni5wbmc/cmV2PTEwNDQ5NDIiO3M6NzoiZGVmYXVsdCI7czo3MDoiaHR0cHM6Ly9wcy53Lm9yZy9zby13aWRnZXRzLWJ1bmRsZS9hc3NldHMvaWNvbi0yNTZ4MjU2LnBuZz9yZXY9MTA0NDk0MiI7fXM6NzoiYmFubmVycyI7YToyOntzOjI6IjF4IjtzOjcyOiJodHRwczovL3BzLncub3JnL3NvLXdpZGdldHMtYnVuZGxlL2Fzc2V0cy9iYW5uZXItNzcyeDI1MC5qcGc/cmV2PTEwNDQ5NDIiO3M6NzoiZGVmYXVsdCI7czo3MjoiaHR0cHM6Ly9wcy53Lm9yZy9zby13aWRnZXRzLWJ1bmRsZS9hc3NldHMvYmFubmVyLTc3MngyNTAuanBnP3Jldj0xMDQ0OTQyIjt9czoxMToiYmFubmVyc19ydGwiO2E6MDp7fXM6NjoidGVzdGVkIjtzOjU6IjQuOS40IjtzOjEzOiJjb21wYXRpYmlsaXR5IjtPOjg6InN0ZENsYXNzIjowOnt9fXM6MjM6IndwLXNtdXNoaXQvd3Atc211c2gucGhwIjtPOjg6InN0ZENsYXNzIjoxMTp7czoyOiJpZCI7czoyNDoidy5vcmcvcGx1Z2lucy93cC1zbXVzaGl0IjtzOjQ6InNsdWciO3M6MTA6IndwLXNtdXNoaXQiO3M6NjoicGx1Z2luIjtzOjIzOiJ3cC1zbXVzaGl0L3dwLXNtdXNoLnBocCI7czoxMToibmV3X3ZlcnNpb24iO3M6NToiMi43LjgiO3M6MzoidXJsIjtzOjQxOiJodHRwczovL3dvcmRwcmVzcy5vcmcvcGx1Z2lucy93cC1zbXVzaGl0LyI7czo3OiJwYWNrYWdlIjtzOjU5OiJodHRwczovL2Rvd25sb2Fkcy53b3JkcHJlc3Mub3JnL3BsdWdpbi93cC1zbXVzaGl0LjIuNy44LnppcCI7czo1OiJpY29ucyI7YTozOntzOjI6IjF4IjtzOjYzOiJodHRwczovL3BzLncub3JnL3dwLXNtdXNoaXQvYXNzZXRzL2ljb24tMTI4eDEyOC5qcGc/cmV2PTE1MTMwNDkiO3M6MjoiMngiO3M6NjM6Imh0dHBzOi8vcHMudy5vcmcvd3Atc211c2hpdC9hc3NldHMvaWNvbi0yNTZ4MjU2LmpwZz9yZXY9MTUxMzA0OSI7czo3OiJkZWZhdWx0IjtzOjYzOiJodHRwczovL3BzLncub3JnL3dwLXNtdXNoaXQvYXNzZXRzL2ljb24tMjU2eDI1Ni5qcGc/cmV2PTE1MTMwNDkiO31zOjc6ImJhbm5lcnMiO2E6Mzp7czoyOiIyeCI7czo2NjoiaHR0cHM6Ly9wcy53Lm9yZy93cC1zbXVzaGl0L2Fzc2V0cy9iYW5uZXItMTU0NHg1MDAuanBnP3Jldj0xNjQyNTk2IjtzOjI6IjF4IjtzOjY1OiJodHRwczovL3BzLncub3JnL3dwLXNtdXNoaXQvYXNzZXRzL2Jhbm5lci03NzJ4MjUwLmpwZz9yZXY9MTY0MjU5NiI7czo3OiJkZWZhdWx0IjtzOjY2OiJodHRwczovL3BzLncub3JnL3dwLXNtdXNoaXQvYXNzZXRzL2Jhbm5lci0xNTQ0eDUwMC5qcGc/cmV2PTE2NDI1OTYiO31zOjExOiJiYW5uZXJzX3J0bCI7YTowOnt9czo2OiJ0ZXN0ZWQiO3M6NToiNC45LjQiO3M6MTM6ImNvbXBhdGliaWxpdHkiO086ODoic3RkQ2xhc3MiOjA6e319fXM6MTI6InRyYW5zbGF0aW9ucyI7YTowOnt9czo5OiJub191cGRhdGUiO2E6OTp7czozNToiY29udGFjdC13aWRnZXRzL2NvbnRhY3Qtd2lkZ2V0cy5waHAiO086ODoic3RkQ2xhc3MiOjk6e3M6MjoiaWQiO3M6Mjk6Incub3JnL3BsdWdpbnMvY29udGFjdC13aWRnZXRzIjtzOjQ6InNsdWciO3M6MTU6ImNvbnRhY3Qtd2lkZ2V0cyI7czo2OiJwbHVnaW4iO3M6MzU6ImNvbnRhY3Qtd2lkZ2V0cy9jb250YWN0LXdpZGdldHMucGhwIjtzOjExOiJuZXdfdmVyc2lvbiI7czo1OiIxLjQuMSI7czozOiJ1cmwiO3M6NDY6Imh0dHBzOi8vd29yZHByZXNzLm9yZy9wbHVnaW5zL2NvbnRhY3Qtd2lkZ2V0cy8iO3M6NzoicGFja2FnZSI7czo2NDoiaHR0cHM6Ly9kb3dubG9hZHMud29yZHByZXNzLm9yZy9wbHVnaW4vY29udGFjdC13aWRnZXRzLjEuNC4xLnppcCI7czo1OiJpY29ucyI7YTozOntzOjI6IjF4IjtzOjY4OiJodHRwczovL3BzLncub3JnL2NvbnRhY3Qtd2lkZ2V0cy9hc3NldHMvaWNvbi0xMjh4MTI4LnBuZz9yZXY9MTQ3NjE2NyI7czoyOiIyeCI7czo2ODoiaHR0cHM6Ly9wcy53Lm9yZy9jb250YWN0LXdpZGdldHMvYXNzZXRzL2ljb24tMjU2eDI1Ni5wbmc/cmV2PTE0NzYxNjciO3M6NzoiZGVmYXVsdCI7czo2ODoiaHR0cHM6Ly9wcy53Lm9yZy9jb250YWN0LXdpZGdldHMvYXNzZXRzL2ljb24tMjU2eDI1Ni5wbmc/cmV2PTE0NzYxNjciO31zOjc6ImJhbm5lcnMiO2E6Mzp7czoyOiIyeCI7czo3MToiaHR0cHM6Ly9wcy53Lm9yZy9jb250YWN0LXdpZGdldHMvYXNzZXRzL2Jhbm5lci0xNTQ0eDUwMC5wbmc/cmV2PTEzNTY5MDAiO3M6MjoiMXgiO3M6NzA6Imh0dHBzOi8vcHMudy5vcmcvY29udGFjdC13aWRnZXRzL2Fzc2V0cy9iYW5uZXItNzcyeDI1MC5wbmc/cmV2PTEzNTY5MDAiO3M6NzoiZGVmYXVsdCI7czo3MToiaHR0cHM6Ly9wcy53Lm9yZy9jb250YWN0LXdpZGdldHMvYXNzZXRzL2Jhbm5lci0xNTQ0eDUwMC5wbmc/cmV2PTEzNTY5MDAiO31zOjExOiJiYW5uZXJzX3J0bCI7YTowOnt9fXM6Mzk6ImVhc3ktZ29vZ2xlLWZvbnRzL2Vhc3ktZ29vZ2xlLWZvbnRzLnBocCI7Tzo4OiJzdGRDbGFzcyI6OTp7czoyOiJpZCI7czozMToidy5vcmcvcGx1Z2lucy9lYXN5LWdvb2dsZS1mb250cyI7czo0OiJzbHVnIjtzOjE3OiJlYXN5LWdvb2dsZS1mb250cyI7czo2OiJwbHVnaW4iO3M6Mzk6ImVhc3ktZ29vZ2xlLWZvbnRzL2Vhc3ktZ29vZ2xlLWZvbnRzLnBocCI7czoxMToibmV3X3ZlcnNpb24iO3M6NToiMS40LjMiO3M6MzoidXJsIjtzOjQ4OiJodHRwczovL3dvcmRwcmVzcy5vcmcvcGx1Z2lucy9lYXN5LWdvb2dsZS1mb250cy8iO3M6NzoicGFja2FnZSI7czo2MDoiaHR0cHM6Ly9kb3dubG9hZHMud29yZHByZXNzLm9yZy9wbHVnaW4vZWFzeS1nb29nbGUtZm9udHMuemlwIjtzOjU6Imljb25zIjthOjM6e3M6MjoiMXgiO3M6Njk6Imh0dHBzOi8vcHMudy5vcmcvZWFzeS1nb29nbGUtZm9udHMvYXNzZXRzL2ljb24tMTI4eDEyOC5wbmc/cmV2PTk5MTIwNyI7czoyOiIyeCI7czo2OToiaHR0cHM6Ly9wcy53Lm9yZy9lYXN5LWdvb2dsZS1mb250cy9hc3NldHMvaWNvbi0yNTZ4MjU2LnBuZz9yZXY9OTkxMjA3IjtzOjc6ImRlZmF1bHQiO3M6Njk6Imh0dHBzOi8vcHMudy5vcmcvZWFzeS1nb29nbGUtZm9udHMvYXNzZXRzL2ljb24tMjU2eDI1Ni5wbmc/cmV2PTk5MTIwNyI7fXM6NzoiYmFubmVycyI7YToyOntzOjI6IjF4IjtzOjcxOiJodHRwczovL3BzLncub3JnL2Vhc3ktZ29vZ2xlLWZvbnRzL2Fzc2V0cy9iYW5uZXItNzcyeDI1MC5wbmc/cmV2PTk5MDE3MiI7czo3OiJkZWZhdWx0IjtzOjcxOiJodHRwczovL3BzLncub3JnL2Vhc3ktZ29vZ2xlLWZvbnRzL2Fzc2V0cy9iYW5uZXItNzcyeDI1MC5wbmc/cmV2PTk5MDE3MiI7fXM6MTE6ImJhbm5lcnNfcnRsIjthOjA6e319czo5OiJoZWxsby5waHAiO086ODoic3RkQ2xhc3MiOjk6e3M6MjoiaWQiO3M6MjU6Incub3JnL3BsdWdpbnMvaGVsbG8tZG9sbHkiO3M6NDoic2x1ZyI7czoxMToiaGVsbG8tZG9sbHkiO3M6NjoicGx1Z2luIjtzOjk6ImhlbGxvLnBocCI7czoxMToibmV3X3ZlcnNpb24iO3M6MzoiMS42IjtzOjM6InVybCI7czo0MjoiaHR0cHM6Ly93b3JkcHJlc3Mub3JnL3BsdWdpbnMvaGVsbG8tZG9sbHkvIjtzOjc6InBhY2thZ2UiO3M6NTg6Imh0dHBzOi8vZG93bmxvYWRzLndvcmRwcmVzcy5vcmcvcGx1Z2luL2hlbGxvLWRvbGx5LjEuNi56aXAiO3M6NToiaWNvbnMiO2E6Mzp7czoyOiIxeCI7czo2MzoiaHR0cHM6Ly9wcy53Lm9yZy9oZWxsby1kb2xseS9hc3NldHMvaWNvbi0xMjh4MTI4LmpwZz9yZXY9OTY5OTA3IjtzOjI6IjJ4IjtzOjYzOiJodHRwczovL3BzLncub3JnL2hlbGxvLWRvbGx5L2Fzc2V0cy9pY29uLTI1NngyNTYuanBnP3Jldj05Njk5MDciO3M6NzoiZGVmYXVsdCI7czo2MzoiaHR0cHM6Ly9wcy53Lm9yZy9oZWxsby1kb2xseS9hc3NldHMvaWNvbi0yNTZ4MjU2LmpwZz9yZXY9OTY5OTA3Ijt9czo3OiJiYW5uZXJzIjthOjI6e3M6MjoiMXgiO3M6NjU6Imh0dHBzOi8vcHMudy5vcmcvaGVsbG8tZG9sbHkvYXNzZXRzL2Jhbm5lci03NzJ4MjUwLnBuZz9yZXY9NDc4MzQyIjtzOjc6ImRlZmF1bHQiO3M6NjU6Imh0dHBzOi8vcHMudy5vcmcvaGVsbG8tZG9sbHkvYXNzZXRzL2Jhbm5lci03NzJ4MjUwLnBuZz9yZXY9NDc4MzQyIjt9czoxMToiYmFubmVyc19ydGwiO2E6MDp7fX1zOjM1OiJpbGxkeS1jb21wYW5pb24vaWxsZHktY29tcGFuaW9uLnBocCI7Tzo4OiJzdGRDbGFzcyI6OTp7czoyOiJpZCI7czoyOToidy5vcmcvcGx1Z2lucy9pbGxkeS1jb21wYW5pb24iO3M6NDoic2x1ZyI7czoxNToiaWxsZHktY29tcGFuaW9uIjtzOjY6InBsdWdpbiI7czozNToiaWxsZHktY29tcGFuaW9uL2lsbGR5LWNvbXBhbmlvbi5waHAiO3M6MTE6Im5ld192ZXJzaW9uIjtzOjU6IjIuMC41IjtzOjM6InVybCI7czo0NjoiaHR0cHM6Ly93b3JkcHJlc3Mub3JnL3BsdWdpbnMvaWxsZHktY29tcGFuaW9uLyI7czo3OiJwYWNrYWdlIjtzOjY0OiJodHRwczovL2Rvd25sb2Fkcy53b3JkcHJlc3Mub3JnL3BsdWdpbi9pbGxkeS1jb21wYW5pb24uMi4wLjUuemlwIjtzOjU6Imljb25zIjthOjI6e3M6MjoiMngiO3M6Njg6Imh0dHBzOi8vcHMudy5vcmcvaWxsZHktY29tcGFuaW9uL2Fzc2V0cy9pY29uLTI1NngyNTYuanBnP3Jldj0xNDkyNjIwIjtzOjc6ImRlZmF1bHQiO3M6Njg6Imh0dHBzOi8vcHMudy5vcmcvaWxsZHktY29tcGFuaW9uL2Fzc2V0cy9pY29uLTI1NngyNTYuanBnP3Jldj0xNDkyNjIwIjt9czo3OiJiYW5uZXJzIjthOjI6e3M6MjoiMXgiO3M6NzA6Imh0dHBzOi8vcHMudy5vcmcvaWxsZHktY29tcGFuaW9uL2Fzc2V0cy9iYW5uZXItNzcyeDI1MC5qcGc/cmV2PTE0OTI2MjAiO3M6NzoiZGVmYXVsdCI7czo3MDoiaHR0cHM6Ly9wcy53Lm9yZy9pbGxkeS1jb21wYW5pb24vYXNzZXRzL2Jhbm5lci03NzJ4MjUwLmpwZz9yZXY9MTQ5MjYyMCI7fXM6MTE6ImJhbm5lcnNfcnRsIjthOjA6e319czozNzoibXktZmFjZWJvb2stdGFncy9teS1mYWNlYm9vay10YWdzLnBocCI7Tzo4OiJzdGRDbGFzcyI6OTp7czoyOiJpZCI7czozMDoidy5vcmcvcGx1Z2lucy9teS1mYWNlYm9vay10YWdzIjtzOjQ6InNsdWciO3M6MTY6Im15LWZhY2Vib29rLXRhZ3MiO3M6NjoicGx1Z2luIjtzOjM3OiJteS1mYWNlYm9vay10YWdzL215LWZhY2Vib29rLXRhZ3MucGhwIjtzOjExOiJuZXdfdmVyc2lvbiI7czo1OiIxLjAuMCI7czozOiJ1cmwiO3M6NDc6Imh0dHBzOi8vd29yZHByZXNzLm9yZy9wbHVnaW5zL215LWZhY2Vib29rLXRhZ3MvIjtzOjc6InBhY2thZ2UiO3M6NTk6Imh0dHBzOi8vZG93bmxvYWRzLndvcmRwcmVzcy5vcmcvcGx1Z2luL215LWZhY2Vib29rLXRhZ3MuemlwIjtzOjU6Imljb25zIjthOjI6e3M6MjoiMXgiO3M6Njk6Imh0dHBzOi8vcHMudy5vcmcvbXktZmFjZWJvb2stdGFncy9hc3NldHMvaWNvbi0xMjh4MTI4LnBuZz9yZXY9MTc0MDI3MSI7czo3OiJkZWZhdWx0IjtzOjY5OiJodHRwczovL3BzLncub3JnL215LWZhY2Vib29rLXRhZ3MvYXNzZXRzL2ljb24tMTI4eDEyOC5wbmc/cmV2PTE3NDAyNzEiO31zOjc6ImJhbm5lcnMiO2E6Mjp7czoyOiIxeCI7czo3MToiaHR0cHM6Ly9wcy53Lm9yZy9teS1mYWNlYm9vay10YWdzL2Fzc2V0cy9iYW5uZXItNzcyeDI1MC5wbmc/cmV2PTE3NDAxNTAiO3M6NzoiZGVmYXVsdCI7czo3MToiaHR0cHM6Ly9wcy53Lm9yZy9teS1mYWNlYm9vay10YWdzL2Fzc2V0cy9iYW5uZXItNzcyeDI1MC5wbmc/cmV2PTE3NDAxNTAiO31zOjExOiJiYW5uZXJzX3J0bCI7YTowOnt9fXM6Mzk6InNpdGVvcmlnaW4tcGFuZWxzL3NpdGVvcmlnaW4tcGFuZWxzLnBocCI7Tzo4OiJzdGRDbGFzcyI6OTp7czoyOiJpZCI7czozMToidy5vcmcvcGx1Z2lucy9zaXRlb3JpZ2luLXBhbmVscyI7czo0OiJzbHVnIjtzOjE3OiJzaXRlb3JpZ2luLXBhbmVscyI7czo2OiJwbHVnaW4iO3M6Mzk6InNpdGVvcmlnaW4tcGFuZWxzL3NpdGVvcmlnaW4tcGFuZWxzLnBocCI7czoxMToibmV3X3ZlcnNpb24iO3M6NToiMi42LjIiO3M6MzoidXJsIjtzOjQ4OiJodHRwczovL3dvcmRwcmVzcy5vcmcvcGx1Z2lucy9zaXRlb3JpZ2luLXBhbmVscy8iO3M6NzoicGFja2FnZSI7czo2NjoiaHR0cHM6Ly9kb3dubG9hZHMud29yZHByZXNzLm9yZy9wbHVnaW4vc2l0ZW9yaWdpbi1wYW5lbHMuMi42LjIuemlwIjtzOjU6Imljb25zIjthOjM6e3M6MjoiMXgiO3M6NzA6Imh0dHBzOi8vcHMudy5vcmcvc2l0ZW9yaWdpbi1wYW5lbHMvYXNzZXRzL2ljb24tMTI4eDEyOC5wbmc/cmV2PTEwNDQ3NTUiO3M6MjoiMngiO3M6NzA6Imh0dHBzOi8vcHMudy5vcmcvc2l0ZW9yaWdpbi1wYW5lbHMvYXNzZXRzL2ljb24tMjU2eDI1Ni5wbmc/cmV2PTEwNDQ3NTUiO3M6NzoiZGVmYXVsdCI7czo3MDoiaHR0cHM6Ly9wcy53Lm9yZy9zaXRlb3JpZ2luLXBhbmVscy9hc3NldHMvaWNvbi0yNTZ4MjU2LnBuZz9yZXY9MTA0NDc1NSI7fXM6NzoiYmFubmVycyI7YToyOntzOjI6IjF4IjtzOjcyOiJodHRwczovL3BzLncub3JnL3NpdGVvcmlnaW4tcGFuZWxzL2Fzc2V0cy9iYW5uZXItNzcyeDI1MC5qcGc/cmV2PTEwNDQ3NTUiO3M6NzoiZGVmYXVsdCI7czo3MjoiaHR0cHM6Ly9wcy53Lm9yZy9zaXRlb3JpZ2luLXBhbmVscy9hc3NldHMvYmFubmVyLTc3MngyNTAuanBnP3Jldj0xMDQ0NzU1Ijt9czoxMToiYmFubmVyc19ydGwiO2E6MDp7fX1zOjE2OiJzcGFjZXIvaW5kZXgucGhwIjtPOjg6InN0ZENsYXNzIjo5OntzOjI6ImlkIjtzOjIwOiJ3Lm9yZy9wbHVnaW5zL3NwYWNlciI7czo0OiJzbHVnIjtzOjY6InNwYWNlciI7czo2OiJwbHVnaW4iO3M6MTY6InNwYWNlci9pbmRleC5waHAiO3M6MTE6Im5ld192ZXJzaW9uIjtzOjU6IjMuMC40IjtzOjM6InVybCI7czozNzoiaHR0cHM6Ly93b3JkcHJlc3Mub3JnL3BsdWdpbnMvc3BhY2VyLyI7czo3OiJwYWNrYWdlIjtzOjU1OiJodHRwczovL2Rvd25sb2Fkcy53b3JkcHJlc3Mub3JnL3BsdWdpbi9zcGFjZXIuMy4wLjQuemlwIjtzOjU6Imljb25zIjthOjM6e3M6MjoiMXgiO3M6NTk6Imh0dHBzOi8vcHMudy5vcmcvc3BhY2VyL2Fzc2V0cy9pY29uLTEyOHgxMjgucG5nP3Jldj0xMzU4NTY5IjtzOjI6IjJ4IjtzOjU5OiJodHRwczovL3BzLncub3JnL3NwYWNlci9hc3NldHMvaWNvbi0yNTZ4MjU2LnBuZz9yZXY9MTM1ODU2OSI7czo3OiJkZWZhdWx0IjtzOjU5OiJodHRwczovL3BzLncub3JnL3NwYWNlci9hc3NldHMvaWNvbi0yNTZ4MjU2LnBuZz9yZXY9MTM1ODU2OSI7fXM6NzoiYmFubmVycyI7YToyOntzOjI6IjF4IjtzOjYxOiJodHRwczovL3BzLncub3JnL3NwYWNlci9hc3NldHMvYmFubmVyLTc3MngyNTAucG5nP3Jldj0xMzU4NTc0IjtzOjc6ImRlZmF1bHQiO3M6NjE6Imh0dHBzOi8vcHMudy5vcmcvc3BhY2VyL2Fzc2V0cy9iYW5uZXItNzcyeDI1MC5wbmc/cmV2PTEzNTg1NzQiO31zOjExOiJiYW5uZXJzX3J0bCI7YTowOnt9fXM6MzE6InRpdGxlLXJlbW92ZXIvdGl0bGUtcmVtb3Zlci5waHAiO086ODoic3RkQ2xhc3MiOjk6e3M6MjoiaWQiO3M6Mjc6Incub3JnL3BsdWdpbnMvdGl0bGUtcmVtb3ZlciI7czo0OiJzbHVnIjtzOjEzOiJ0aXRsZS1yZW1vdmVyIjtzOjY6InBsdWdpbiI7czozMToidGl0bGUtcmVtb3Zlci90aXRsZS1yZW1vdmVyLnBocCI7czoxMToibmV3X3ZlcnNpb24iO3M6MzoiMS4xIjtzOjM6InVybCI7czo0NDoiaHR0cHM6Ly93b3JkcHJlc3Mub3JnL3BsdWdpbnMvdGl0bGUtcmVtb3Zlci8iO3M6NzoicGFja2FnZSI7czo2MDoiaHR0cHM6Ly9kb3dubG9hZHMud29yZHByZXNzLm9yZy9wbHVnaW4vdGl0bGUtcmVtb3Zlci4xLjEuemlwIjtzOjU6Imljb25zIjthOjM6e3M6MjoiMXgiO3M6NjY6Imh0dHBzOi8vcHMudy5vcmcvdGl0bGUtcmVtb3Zlci9hc3NldHMvaWNvbi0xMjh4MTI4LnBuZz9yZXY9MTc3NDczNyI7czoyOiIyeCI7czo2NjoiaHR0cHM6Ly9wcy53Lm9yZy90aXRsZS1yZW1vdmVyL2Fzc2V0cy9pY29uLTI1NngyNTYucG5nP3Jldj0xNzc0NzM3IjtzOjc6ImRlZmF1bHQiO3M6NjY6Imh0dHBzOi8vcHMudy5vcmcvdGl0bGUtcmVtb3Zlci9hc3NldHMvaWNvbi0yNTZ4MjU2LnBuZz9yZXY9MTc3NDczNyI7fXM6NzoiYmFubmVycyI7YTozOntzOjI6IjJ4IjtzOjY5OiJodHRwczovL3BzLncub3JnL3RpdGxlLXJlbW92ZXIvYXNzZXRzL2Jhbm5lci0xNTQ0eDUwMC5wbmc/cmV2PTE3NzQ3MzciO3M6MjoiMXgiO3M6Njg6Imh0dHBzOi8vcHMudy5vcmcvdGl0bGUtcmVtb3Zlci9hc3NldHMvYmFubmVyLTc3MngyNTAucG5nP3Jldj0xNzc0NzM3IjtzOjc6ImRlZmF1bHQiO3M6Njk6Imh0dHBzOi8vcHMudy5vcmcvdGl0bGUtcmVtb3Zlci9hc3NldHMvYmFubmVyLTE1NDR4NTAwLnBuZz9yZXY9MTc3NDczNyI7fXM6MTE6ImJhbm5lcnNfcnRsIjthOjA6e319czozNzoid29yZHByZXNzLWRhdGFiYXNlLXJlc2V0L3dwLXJlc2V0LnBocCI7Tzo4OiJzdGRDbGFzcyI6OTp7czoyOiJpZCI7czozODoidy5vcmcvcGx1Z2lucy93b3JkcHJlc3MtZGF0YWJhc2UtcmVzZXQiO3M6NDoic2x1ZyI7czoyNDoid29yZHByZXNzLWRhdGFiYXNlLXJlc2V0IjtzOjY6InBsdWdpbiI7czozNzoid29yZHByZXNzLWRhdGFiYXNlLXJlc2V0L3dwLXJlc2V0LnBocCI7czoxMToibmV3X3ZlcnNpb24iO3M6NToiMy4wLjIiO3M6MzoidXJsIjtzOjU1OiJodHRwczovL3dvcmRwcmVzcy5vcmcvcGx1Z2lucy93b3JkcHJlc3MtZGF0YWJhc2UtcmVzZXQvIjtzOjc6InBhY2thZ2UiO3M6NzM6Imh0dHBzOi8vZG93bmxvYWRzLndvcmRwcmVzcy5vcmcvcGx1Z2luL3dvcmRwcmVzcy1kYXRhYmFzZS1yZXNldC4zLjAuMi56aXAiO3M6NToiaWNvbnMiO2E6MDp7fXM6NzoiYmFubmVycyI7YToyOntzOjI6IjF4IjtzOjc5OiJodHRwczovL3BzLncub3JnL3dvcmRwcmVzcy1kYXRhYmFzZS1yZXNldC9hc3NldHMvYmFubmVyLTc3MngyNTAuanBnP3Jldj0xMjUzODI1IjtzOjc6ImRlZmF1bHQiO3M6Nzk6Imh0dHBzOi8vcHMudy5vcmcvd29yZHByZXNzLWRhdGFiYXNlLXJlc2V0L2Fzc2V0cy9iYW5uZXItNzcyeDI1MC5qcGc/cmV2PTEyNTM4MjUiO31zOjExOiJiYW5uZXJzX3J0bCI7YTowOnt9fX19,bm8=
