umeta_id,user_id,meta_key,meta_value
MQ==,MQ==,bmlja25hbWU=,ZHVtaXNhbmk=
Mg==,MQ==,Zmlyc3RfbmFtZQ==,
Mw==,MQ==,bGFzdF9uYW1l,
NA==,MQ==,ZGVzY3JpcHRpb24=,
NQ==,MQ==,cmljaF9lZGl0aW5n,dHJ1ZQ==
Ng==,MQ==,c3ludGF4X2hpZ2hsaWdodGluZw==,dHJ1ZQ==
Nw==,MQ==,Y29tbWVudF9zaG9ydGN1dHM=,ZmFsc2U=
OA==,MQ==,YWRtaW5fY29sb3I=,ZnJlc2g=
OQ==,MQ==,dXNlX3NzbA==,MA==
MTA=,MQ==,c2hvd19hZG1pbl9iYXJfZnJvbnQ=,dHJ1ZQ==
MTE=,MQ==,bG9jYWxl,
MTI=,MQ==,d3BfY2FwYWJpbGl0aWVz,YToxOntzOjEzOiJhZG1pbmlzdHJhdG9yIjtiOjE7fQ==
MTM=,MQ==,d3BfdXNlcl9sZXZlbA==,MTA=
MTQ=,MQ==,ZGlzbWlzc2VkX3dwX3BvaW50ZXJz,dGhlbWVfZWRpdG9yX25vdGljZQ==
MTU=,MQ==,c2hvd193ZWxjb21lX3BhbmVs,MQ==
MTY=,MQ==,c2Vzc2lvbl90b2tlbnM=,YToyOntzOjY0OiI1NTBhY2UzMzQ1ZGRkMjVjZThkMjRlYTFjMmNlOTE4ZGE1YTQ5YTM2ODMwYWRkYmExMTg4YmU0ODNkYTViZTAyIjthOjQ6e3M6MTA6ImV4cGlyYXRpb24iO2k6MTUyMDM1MTg5MjtzOjI6ImlwIjtzOjM6Ijo6MSI7czoyOiJ1YSI7czoxMTU6Ik1vemlsbGEvNS4wIChXaW5kb3dzIE5UIDEwLjA7IFdpbjY0OyB4NjQpIEFwcGxlV2ViS2l0LzUzNy4zNiAoS0hUTUwsIGxpa2UgR2Vja28pIENocm9tZS82NC4wLjMyODIuMTg2IFNhZmFyaS81MzcuMzYiO3M6NToibG9naW4iO2k6MTUyMDE3OTA5Mjt9czo2NDoiMmE1NWEzYmUyOTQ0M2Y5MDZhYmFmMTgwNGVlZjVjNzEzNzZkMGFmMzJkYjg4NmQ5NzA1OWVmMjE0OTMyOTYyNiI7YTo0OntzOjEwOiJleHBpcmF0aW9uIjtpOjE1MjA0OTAwMDY7czoyOiJpcCI7czozOiI6OjEiO3M6MjoidWEiO3M6MTE1OiJNb3ppbGxhLzUuMCAoV2luZG93cyBOVCAxMC4wOyBXaW42NDsgeDY0KSBBcHBsZVdlYktpdC81MzcuMzYgKEtIVE1MLCBsaWtlIEdlY2tvKSBDaHJvbWUvNjQuMC4zMjgyLjE4NiBTYWZhcmkvNTM3LjM2IjtzOjU6ImxvZ2luIjtpOjE1MjAzMTcyMDY7fX0=
MTc=,MQ==,d3BfdXNlci1zZXR0aW5ncw==,ZWRpdG9yPWh0bWwmcG9zdF9kZnc9b2ZmJmxpYnJhcnlDb250ZW50PWJyb3dzZSZoaWRldGI9MSZtZm9sZD1v
MTg=,MQ==,d3BfdXNlci1zZXR0aW5ncy10aW1l,MTUxODY4MzA5NA==
MTk=,MQ==,c3BhY2VyMjI5NV9uYWdfaWdub3Jl,dHJ1ZQ==
MjA=,MQ==,d3BfZGFzaGJvYXJkX3F1aWNrX3ByZXNzX2xhc3RfcG9zdF9pZA==,NA==
MjE=,MQ==,Y29tbXVuaXR5LWV2ZW50cy1sb2NhdGlvbg==,YToxOntzOjI6ImlwIjtzOjI6Ijo6Ijt9
MjI=,MQ==,bWFuYWdlbmF2LW1lbnVzY29sdW1uc2hpZGRlbg==,YTo1OntpOjA7czoxMToibGluay10YXJnZXQiO2k6MTtzOjExOiJjc3MtY2xhc3NlcyI7aToyO3M6MzoieGZuIjtpOjM7czoxMToiZGVzY3JpcHRpb24iO2k6NDtzOjE1OiJ0aXRsZS1hdHRyaWJ1dGUiO30=
MjM=,MQ==,bWV0YWJveGhpZGRlbl9uYXYtbWVudXM=,YToxOntpOjA7czoxMjoiYWRkLXBvc3RfdGFnIjt9
MjQ=,MQ==,aWxsZHlfd2VsY29tZV9ub3RpZmljYXRpb24=,dHJ1ZQ==
